index,Anne Egitim Durumu,Anne Calisma Durumu,Anne Sektor,Baba Egitim Durumu,Baba Calisma Durumu,Baba Sektor,Kardes Sayisi
1,universite,hayir,calismiyor,universite,emekli,calismiyor,1
2,universite,evet,kamu,Null,emekli,calismiyor,1
3,ilkokul,hayir,calismiyor,ilkokul,evet,ozel sektor,6
4,ilkokul,hayir,calismiyor,universite,emekli,calismiyor,10
5,ilkokul,hayir,calismiyor,universite,emekli,calismiyor,1
6,egitimi yok,hayir,calismiyor,Null,evet,kamu,3
7,universite,hayir,calismiyor,Null,Null,Null,Null
8,lise,hayir,calismiyor,ilkokul,hayir,calismiyor,1
9,ortaokul,hayir,calismiyor,ortaokul,evet,ozel sektor,4
10,universite,evet,kamu,Null,evet,kamu,1
11,lise,hayir,calismiyor,lise,emekli,calismiyor,2
12,lise,hayir,calismiyor,universite,evet,diger,2
13,universite,evet,kamu,universite,evet,kamu,1
14,lise,hayir,calismiyor,universite,emekli,calismiyor,4
15,egitimi yok,hayir,calismiyor,ilkokul,hayir,calismiyor,10
16,universite,emekli,calismiyor,Null,evet,kamu,1
17,ortaokul,hayir,calismiyor,ortaokul,emekli,calismiyor,3
18,universite,evet,kamu,universite,evet,kamu,1
19,ortaokul,hayir,calismiyor,universite,evet,kamu,1
20,ilkokul,hayir,calismiyor,ilkokul,emekli,calismiyor,1
21,lise,hayir,calismiyor,lise,evet,diger,5
22,lise,hayir,calismiyor,lise,evet,kamu,2
23,ilkokul,hayir,calismiyor,lise,emekli,calismiyor,4
24,ilkokul,hayir,calismiyor,lise,emekli,calismiyor,3
25,universite,emekli,calismiyor,universite,evet,ozel sektor,1
26,lise,evet,ozel sektor,Null,Null,Null,Null
27,Null,evet,kamu,Null,evet,kamu,0
28,universite,evet,kamu,universite,evet,kamu,1
29,lise,emekli,calismiyor,lise,evet,diger,1
30,lise,hayir,calismiyor,ortaokul,emekli,calismiyor,2
31,ilkokul,hayir,calismiyor,universite,evet,kamu,1
32,ortaokul,hayir,calismiyor,ortaokul,emekli,calismiyor,3
33,lise,hayir,calismiyor,lise,emekli,calismiyor,4
34,lise,hayir,calismiyor,lise,emekli,calismiyor,0
35,ilkokul,hayir,calismiyor,lise,emekli,calismiyor,2
36,universite,emekli,calismiyor,universite,evet,ozel sektor,0
37,ilkokul,evet,diger,ilkokul,emekli,calismiyor,1
38,universite,evet,kamu,universite,evet,kamu,1
39,lise,evet,ozel sektor,lise,emekli,calismiyor,2
40,ortaokul,evet,ozel sektor,ilkokul,evet,kamu,1
41,lise,emekli,calismiyor,lise,evet,ozel sektor,0
42,lise,emekli,calismiyor,universite,emekli,calismiyor,1
43,lise,evet,ozel sektor,universite,evet,ozel sektor,0
44,lise,hayir,calismiyor,universite,evet,ozel sektor,1
45,lise,hayir,calismiyor,universite,evet,kamu,2
46,egitimi yok,hayir,calismiyor,ilkokul,emekli,calismiyor,7
47,ilkokul,hayir,calismiyor,ilkokul,evet,ozel sektor,3
48,lise,hayir,calismiyor,lise,evet,ozel sektor,1
49,Null,evet,ozel sektor,Null,evet,ozel sektor,0
50,lise,hayir,calismiyor,universite,evet,ozel sektor,1
51,universite,emekli,calismiyor,universite,evet,ozel sektor,1
52,ilkokul,hayir,calismiyor,ilkokul,evet,kamu,1
53,lise,evet,ozel sektor,Null,Null,Null,Null
54,universite,evet,kamu,universite,evet,kamu,1
55,ilkokul,hayir,calismiyor,Null,Null,Null,Null
56,ortaokul,evet,ozel sektor,ilkokul,evet,ozel sektor,1
57,universite,evet,kamu,Null,evet,kamu,1
58,lise,hayir,calismiyor,lise,evet,kamu,3
59,lise,evet,ozel sektor,Null,Null,Null,Null
60,ortaokul,hayir,calismiyor,Null,Null,Null,Null
61,ortaokul,hayir,calismiyor,Null,Null,Null,Null
62,ilkokul,emekli,calismiyor,ilkokul,evet,diger,2
63,ilkokul,hayir,calismiyor,universite,emekli,calismiyor,3
64,ilkokul,hayir,calismiyor,ilkokul,emekli,calismiyor,3
65,universite,evet,ozel sektor,universite,evet,diger,0
66,lise,evet,ozel sektor,universite,evet,ozel sektor,2
67,universite,evet,ozel sektor,universite,evet,ozel sektor,1
68,lise,emekli,calismiyor,universite,emekli,calismiyor,0
69,universite,emekli,calismiyor,universite,evet,ozel sektor,Null
70,lise,evet,ozel sektor,lise,evet,ozel sektor,1
71,lise,hayir,calismiyor,lise,emekli,calismiyor,3
72,ilkokul,hayir,calismiyor,lise,emekli,calismiyor,3
73,universite,evet,kamu,universite,emekli,calismiyor,1
74,lise,emekli,calismiyor,lise,emekli,calismiyor,2
75,universite,emekli,calismiyor,lise,evet,ozel sektor,1
76,universite,evet,kamu,universite,evet,kamu,1
77,lise,emekli,calismiyor,ilkokul,evet,ozel sektor,1
78,universite,evet,kamu,universite,evet,ozel sektor,1
79,universite,evet,kamu,universite,hayir,diger,1
80,lise,emekli,calismiyor,lise,hayir,calismiyor,2
81,lise,emekli,calismiyor,lise,emekli,calismiyor,1
82,lise,hayir,calismiyor,lise,emekli,calismiyor,1
83,ortaokul,hayir,calismiyor,lise,evet,ozel sektor,2
84,lise,evet,ozel sektor,lise,evet,kamu,1
85,universite,hayir,calismiyor,lise,emekli,calismiyor,4
86,ilkokul,hayir,calismiyor,ortaokul,Null,calismiyor,1
87,lise,emekli,calismiyor,Null,Null,Null,Null
88,Null,evet,kamu,Null,evet,diger,1
89,Null,evet,kamu,universite,emekli,calismiyor,1
90,universite,emekli,ozel sektor,universite,emekli,calismiyor,3
91,ortaokul,hayir,calismiyor,ilkokul,hayir,calismiyor,4
92,lise,emekli,calismiyor,universite,evet,kamu,2
93,lise,evet,ozel sektor,Null,evet,kamu,1
94,universite,evet,kamu,Null,evet,kamu,0
95,ilkokul,hayir,calismiyor,ilkokul,evet,kamu,2
96,ilkokul,hayir,calismiyor,universite,evet,kamu,2
97,lise,hayir,calismiyor,Null,Null,Null,Null
98,ortaokul,hayir,calismiyor,lise,evet,diger,3
99,lise,hayir,calismiyor,ilkokul,hayir,calismiyor,1
100,lise,hayir,calismiyor,universite,emekli,calismiyor,2
101,lise,hayir,calismiyor,universite,evet,kamu,3
102,ilkokul,hayir,calismiyor,ortaokul,emekli,calismiyor,3
103,lise,evet,ozel sektor,ilkokul,hayir,calismiyor,1
104,lise,evet,ozel sektor,ilkokul,hayir,calismiyor,1
105,lise,hayir,calismiyor,lise,evet,kamu,1
106,ilkokul,hayir,calismiyor,ortaokul,evet,diger,2
107,ilkokul,hayir,calismiyor,ilkokul,evet,diger,4
108,lise,hayir,calismiyor,Null,Null,Null,Null
109,ortaokul,evet,ozel sektor,Null,Null,Null,Null
110,lise,hayir,calismiyor,universite,hayir,calismiyor,2
111,egitimi yok,hayir,calismiyor,egitimi yok,emekli,calismiyor,3
112,lise,hayir,calismiyor,lise,emekli,calismiyor,1
113,universite,evet,kamu,universite,evet,kamu,3
114,lise,hayir,calismiyor,universite,evet,kamu,Null
115,universite,hayir,calismiyor,universite,evet,ozel sektor,1
116,universite,evet,ozel sektor,universite,evet,kamu,1
117,ilkokul,hayir,calismiyor,lise,evet,ozel sektor,2
118,ilkokul,hayir,calismiyor,ilkokul,evet,ozel sektor,1
119,ilkokul,evet,diger,lise,evet,diger,1
120,ilkokul,hayir,calismiyor,universite,evet,ozel sektor,1
121,lise,hayir,calismiyor,lise,evet,kamu,3
122,egitimi yok,hayir,calismiyor,ortaokul,evet,ozel sektor,3
123,ilkokul,hayir,calismiyor,Null,Null,Null,Null
124,universite,evet,kamu,universite,emekli,calismiyor,2
125,egitimi yok,hayir,calismiyor,ilkokul,hayir,calismiyor,0
126,ortaokul,hayir,calismiyor,lise,evet,kamu,2
127,egitimi yok,hayir,calismiyor,Null,Null,Null,Null
128,universite,evet,kamu,universite,evet,kamu,1
129,lise,hayir,calismiyor,universite,emekli,calismiyor,2
130,lise,evet,ozel sektor,universite,emekli,ozel sektor,0
131,lise,hayir,calismiyor,universite,emekli,calismiyor,3
132,ilkokul,hayir,calismiyor,ilkokul,evet,ozel sektor,3
133,ilkokul,hayir,calismiyor,ortaokul,evet,diger,3
134,Null,emekli,calismiyor,Null,Null,Null,Null
135,egitimi yok,hayir,calismiyor,egitimi yok,evet,ozel sektor,5
136,ilkokul,hayir,calismiyor,ortaokul,evet,ozel sektor,4
137,lise,hayir,calismiyor,lise,emekli,calismiyor,1
138,universite,evet,ozel sektor,ortaokul,emekli,calismiyor,0
139,universite,emekli,calismiyor,Null,Null,Null,Null
140,lise,hayir,calismiyor,lise,emekli,calismiyor,3
141,ilkokul,hayir,calismiyor,universite,evet,diger,1
142,ilkokul,hayir,calismiyor,ilkokul,emekli,calismiyor,2
143,ortaokul,hayir,calismiyor,ilkokul,emekli,calismiyor,2
144,ortaokul,hayir,calismiyor,lise,evet,ozel sektor,2
145,ortaokul,hayir,calismiyor,lise,evet,ozel sektor,Null
146,universite,emekli,calismiyor,Null,Null,Null,Null
147,lise,hayir,calismiyor,lise,evet,ozel sektor,1
148,lise,hayir,calismiyor,universite,evet,diger,1
149,lise,evet,diger,lise,evet,kamu,Null
150,lise,hayir,calismiyor,lise,evet,diger,2
151,lise,emekli,calismiyor,universite,emekli,calismiyor,0
152,universite,emekli,calismiyor,universite,emekli,calismiyor,1
153,lise,evet,diger,lise,evet,ozel sektor,4
154,lise,hayir,calismiyor,ilkokul,emekli,calismiyor,2
155,Null,hayir,calismiyor,Null,evet,kamu,1
156,ilkokul,hayir,calismiyor,ortaokul,emekli,calismiyor,2
157,lise,hayir,calismiyor,universite,evet,diger,1
158,ilkokul,hayir,calismiyor,ilkokul,evet,diger,2
159,ilkokul,hayir,calismiyor,universite,evet,kamu,2
160,ilkokul,hayir,calismiyor,lise,emekli,calismiyor,1
161,ilkokul,hayir,calismiyor,Null,Null,Null,Null
162,universite,evet,ozel sektor,lise,evet,ozel sektor,1
163,Null,evet,diger,Null,evet,diger,1
164,universite,emekli,calismiyor,Null,Null,Null,Null
165,ortaokul,emekli,calismiyor,universite,emekli,calismiyor,2
166,lise,hayir,calismiyor,egitimi yok,Null,calismiyor,1
167,lise,evet,ozel sektor,lise,emekli,calismiyor,1
168,ortaokul,hayir,calismiyor,ortaokul,evet,ozel sektor,2
169,lise,hayir,calismiyor,universite,evet,kamu,1
170,lise,evet,kamu,egitimi yok,emekli,calismiyor,1
171,universite,emekli,calismiyor,universite,evet,kamu,1
172,ilkokul,hayir,calismiyor,universite,evet,kamu,3
173,ilkokul,emekli,calismiyor,ilkokul,emekli,calismiyor,2
174,lise,evet,kamu,universite,hayir,calismiyor,0
175,ortaokul,hayir,calismiyor,ilkokul,evet,ozel sektor,4
176,egitimi yok,hayir,calismiyor,ilkokul,hayir,calismiyor,1
177,universite,evet,kamu,universite,evet,ozel sektor,1
178,lise,evet,ozel sektor,lise,evet,ozel sektor,0
179,universite,evet,kamu,lise,evet,kamu,1
180,ortaokul,hayir,calismiyor,lise,evet,diger,1
181,universite,emekli,calismiyor,Null,Null,Null,Null
182,lise,emekli,calismiyor,Null,evet,diger,1
183,universite,emekli,calismiyor,egitimi yok,Null,calismiyor,0
184,lise,hayir,calismiyor,Null,Null,Null,Null
185,ilkokul,hayir,calismiyor,ortaokul,evet,ozel sektor,2
186,ilkokul,hayir,calismiyor,lise,evet,kamu,2
187,lise,hayir,calismiyor,lise,evet,diger,1
188,universite,evet,kamu,lise,emekli,calismiyor,1
189,ortaokul,evet,ozel sektor,lise,evet,kamu,1
190,ortaokul,hayir,calismiyor,lise,emekli,calismiyor,3
191,lise,hayir,calismiyor,universite,evet,ozel sektor,1
192,ilkokul,hayir,calismiyor,ilkokul,emekli,calismiyor,2
193,ortaokul,hayir,calismiyor,ortaokul,hayir,calismiyor,3
194,ilkokul,hayir,calismiyor,lise,evet,kamu,1
195,ilkokul,evet,diger,lise,evet,ozel sektor,3
196,ilkokul,hayir,calismiyor,ilkokul,hayir,calismiyor,5
197,lise,hayir,calismiyor,universite,emekli,calismiyor,2
198,ilkokul,hayir,calismiyor,Null,Null,Null,Null
199,lise,hayir,calismiyor,ortaokul,emekli,calismiyor,4
200,lise,emekli,calismiyor,universite,emekli,calismiyor,1
201,ilkokul,hayir,calismiyor,universite,evet,kamu,3
202,lise,hayir,calismiyor,ilkokul,evet,ozel sektor,1
203,lise,hayir,calismiyor,universite,evet,ozel sektor,1
204,ilkokul,hayir,calismiyor,ilkokul,emekli,calismiyor,3
205,egitimi yok,hayir,calismiyor,ilkokul,evet,ozel sektor,4
206,universite,hayir,calismiyor,Null,Null,Null,Null
207,ortaokul,hayir,calismiyor,lise,evet,ozel sektor,2
208,lise,hayir,calismiyor,Null,emekli,calismiyor,3
209,lise,emekli,calismiyor,ortaokul,emekli,calismiyor,3
210,lise,hayir,calismiyor,universite,evet,diger,2
211,universite,evet,kamu,lise,evet,ozel sektor,1
212,ilkokul,hayir,calismiyor,ilkokul,emekli,calismiyor,Null
213,universite,evet,kamu,lise,evet,kamu,1
214,ilkokul,hayir,calismiyor,lise,emekli,calismiyor,1
215,ilkokul,hayir,calismiyor,ilkokul,emekli,calismiyor,5
216,ilkokul,hayir,calismiyor,Null,Null,Null,Null
217,ilkokul,evet,diger,universite,evet,kamu,3
218,universite,emekli,calismiyor,universite,evet,ozel sektor,1
219,ilkokul,hayir,calismiyor,ilkokul,evet,diger,1
220,ilkokul,hayir,calismiyor,universite,evet,kamu,2
221,lise,hayir,calismiyor,lise,emekli,calismiyor,1
222,universite,evet,kamu,universite,evet,diger,1
223,universite,emekli,calismiyor,universite,evet,kamu,2
224,egitimi yok,hayir,calismiyor,ilkokul,emekli,calismiyor,8
225,ilkokul,hayir,calismiyor,ilkokul,hayir,calismiyor,1
226,lise,evet,ozel sektor,ortaokul,evet,ozel sektor,3
227,universite,hayir,calismiyor,Null,Null,Null,Null
228,lise,hayir,calismiyor,lise,emekli,calismiyor,1
229,ilkokul,hayir,calismiyor,Null,Null,Null,Null
230,ilkokul,hayir,calismiyor,lise,evet,ozel sektor,3
231,ilkokul,hayir,calismiyor,ilkokul,evet,kamu,2
232,egitimi yok,hayir,calismiyor,egitimi yok,evet,diger,6
233,egitimi yok,hayir,calismiyor,ortaokul,hayir,calismiyor,2
234,ilkokul,hayir,calismiyor,ilkokul,evet,diger,6
235,lise,hayir,calismiyor,universite,emekli,calismiyor,3
236,lise,emekli,calismiyor,lise,emekli,calismiyor,3
237,egitimi yok,hayir,calismiyor,ilkokul,hayir,calismiyor,2
238,egitimi yok,hayir,calismiyor,egitimi yok,hayir,calismiyor,11
239,ilkokul,evet,ozel sektor,universite,emekli,calismiyor,1
240,ilkokul,hayir,calismiyor,ilkokul,emekli,calismiyor,2
241,ilkokul,hayir,calismiyor,ilkokul,emekli,calismiyor,2
242,ilkokul,hayir,calismiyor,lise,evet,ozel sektor,2
243,lise,hayir,calismiyor,universite,evet,kamu,1
244,lise,hayir,calismiyor,lise,emekli,calismiyor,3
245,ortaokul,evet,ozel sektor,ortaokul,hayir,calismiyor,2
246,ortaokul,hayir,calismiyor,lise,emekli,calismiyor,2
247,lise,hayir,calismiyor,universite,emekli,calismiyor,1
248,ilkokul,evet,diger,lise,emekli,calismiyor,0
249,ilkokul,hayir,calismiyor,lise,emekli,calismiyor,2
250,ilkokul,emekli,calismiyor,universite,emekli,calismiyor,2
251,lise,hayir,calismiyor,universite,evet,kamu,2
252,Null,evet,kamu,Null,evet,kamu,1
253,ilkokul,emekli,calismiyor,lise,emekli,calismiyor,1
254,lise,emekli,calismiyor,lise,emekli,calismiyor,0
255,universite,hayir,calismiyor,universite,evet,diger,1
256,ortaokul,hayir,calismiyor,universite,evet,diger,4
257,ilkokul,emekli,calismiyor,ilkokul,emekli,calismiyor,3
258,ilkokul,hayir,calismiyor,universite,evet,ozel sektor,2
259,egitimi yok,evet,diger,ilkokul,hayir,diger,1
260,lise,hayir,calismiyor,universite,emekli,calismiyor,2
261,universite,emekli,calismiyor,universite,emekli,calismiyor,2
262,lise,emekli,calismiyor,universite,emekli,calismiyor,1
263,universite,hayir,calismiyor,Null,evet,ozel sektor,1
264,ilkokul,hayir,calismiyor,universite,emekli,calismiyor,2
265,ortaokul,emekli,calismiyor,lise,evet,kamu,0
266,lise,evet,diger,Null,Null,Null,Null
267,lise,hayir,calismiyor,lise,emekli,calismiyor,2
268,ortaokul,hayir,calismiyor,lise,evet,ozel sektor,3
269,ilkokul,evet,diger,ilkokul,evet,diger,2
270,lise,hayir,calismiyor,ilkokul,emekli,calismiyor,1
271,universite,evet,diger,universite,evet,diger,1
272,ortaokul,hayir,calismiyor,lise,emekli,calismiyor,3
273,lise,emekli,calismiyor,lise,emekli,calismiyor,2
274,universite,evet,kamu,universite,evet,ozel sektor,1
275,universite,evet,kamu,Null,evet,kamu,2
276,lise,emekli,calismiyor,universite,emekli,calismiyor,1
277,ilkokul,hayir,calismiyor,lise,evet,kamu,3
278,ilkokul,hayir,calismiyor,lise,emekli,calismiyor,1
279,universite,evet,ozel sektor,Null,Null,Null,Null
280,lise,hayir,calismiyor,Null,Null,Null,Null
281,ortaokul,evet,ozel sektor,ilkokul,evet,ozel sektor,2
282,ilkokul,hayir,calismiyor,universite,emekli,calismiyor,2
283,ilkokul,hayir,calismiyor,lise,emekli,calismiyor,3
284,ilkokul,hayir,calismiyor,lise,evet,ozel sektor,2
285,universite,emekli,calismiyor,Null,Null,Null,Null
286,universite,evet,kamu,Null,Null,Null,Null
287,ilkokul,hayir,calismiyor,lise,evet,ozel sektor,1
288,egitimi yok,hayir,calismiyor,lise,emekli,calismiyor,4
289,ilkokul,hayir,calismiyor,ilkokul,evet,ozel sektor,4
290,lise,evet,ozel sektor,ilkokul,evet,diger,0
291,lise,hayir,calismiyor,universite,evet,kamu,1
292,universite,hayir,calismiyor,universite,evet,kamu,2
293,universite,evet,kamu,universite,evet,kamu,0
294,lise,hayir,calismiyor,universite,evet,kamu,1
295,lise,hayir,calismiyor,universite,hayir,calismiyor,2
296,universite,evet,kamu,universite,evet,kamu,1
297,universite,evet,ozel sektor,universite,evet,ozel sektor,1
298,ilkokul,hayir,calismiyor,Null,Null,Null,Null
299,ilkokul,hayir,calismiyor,universite,evet,ozel sektor,1
300,ilkokul,hayir,calismiyor,Null,Null,Null,Null
301,lise,hayir,calismiyor,universite,emekli,calismiyor,1
302,ilkokul,hayir,calismiyor,lise,hayir,calismiyor,2
303,egitimi yok,hayir,calismiyor,ilkokul,evet,ozel sektor,6
304,egitimi yok,hayir,calismiyor,ilkokul,hayir,calismiyor,4
305,ilkokul,hayir,calismiyor,ilkokul,hayir,calismiyor,1
306,ilkokul,hayir,calismiyor,Null,Null,Null,Null
307,ilkokul,hayir,calismiyor,ilkokul,emekli,calismiyor,1
308,Null,evet,kamu,Null,evet,kamu,1
309,ilkokul,hayir,calismiyor,lise,evet,kamu,2
310,universite,evet,kamu,universite,evet,kamu,4
311,universite,evet,kamu,universite,evet,kamu,2
312,universite,emekli,calismiyor,lise,emekli,calismiyor,2
313,universite,evet,kamu,universite,evet,kamu,1
314,ortaokul,hayir,calismiyor,universite,emekli,calismiyor,4
315,ilkokul,hayir,calismiyor,ilkokul,emekli,calismiyor,1
316,lise,hayir,calismiyor,universite,evet,kamu,3
317,universite,evet,kamu,universite,evet,ozel sektor,1
318,universite,evet,ozel sektor,universite,hayir,calismiyor,2
319,ortaokul,hayir,calismiyor,universite,evet,ozel sektor,1
320,lise,evet,kamu,universite,evet,kamu,1
321,universite,evet,kamu,universite,evet,kamu,2
322,lise,emekli,calismiyor,universite,evet,kamu,1
323,ilkokul,hayir,calismiyor,ilkokul,emekli,calismiyor,3
324,universite,evet,kamu,lise,evet,diger,1
325,ilkokul,hayir,calismiyor,ilkokul,evet,diger,5
326,egitimi yok,hayir,calismiyor,ortaokul,evet,ozel sektor,3
327,egitimi yok,hayir,calismiyor,ilkokul,evet,diger,6
328,lise,hayir,calismiyor,Null,Null,Null,Null
329,lise,hayir,calismiyor,lise,evet,kamu,1
330,universite,emekli,calismiyor,universite,emekli,calismiyor,2
331,ilkokul,hayir,calismiyor,lise,evet,diger,1
332,ilkokul,hayir,calismiyor,ilkokul,emekli,calismiyor,3
333,ortaokul,hayir,calismiyor,Null,Null,Null,Null
334,ilkokul,hayir,calismiyor,lise,evet,kamu,2
335,lise,emekli,calismiyor,lise,emekli,calismiyor,0
336,lise,hayir,calismiyor,lise,emekli,calismiyor,2
337,ilkokul,hayir,calismiyor,universite,evet,ozel sektor,3
338,lise,hayir,calismiyor,universite,evet,diger,3
339,ortaokul,hayir,calismiyor,ortaokul,hayir,calismiyor,2
340,universite,emekli,calismiyor,universite,evet,kamu,1
341,egitimi yok,hayir,calismiyor,egitimi yok,emekli,calismiyor,9
342,lise,hayir,calismiyor,lise,evet,kamu,1
343,universite,evet,ozel sektor,universite,evet,ozel sektor,1
344,ilkokul,hayir,calismiyor,lise,emekli,calismiyor,2
345,lise,hayir,calismiyor,lise,emekli,calismiyor,2
346,ilkokul,hayir,calismiyor,ortaokul,evet,diger,2
347,lise,emekli,calismiyor,ortaokul,Null,calismiyor,0
348,lise,evet,ozel sektor,Null,Null,Null,Null
349,lise,hayir,calismiyor,lise,evet,ozel sektor,4
350,lise,hayir,calismiyor,ilkokul,evet,diger,1
351,ilkokul,hayir,calismiyor,ilkokul,emekli,calismiyor,3
352,ilkokul,hayir,calismiyor,lise,emekli,calismiyor,2
353,universite,evet,kamu,universite,evet,ozel sektor,3
354,lise,hayir,calismiyor,lise,hayir,calismiyor,0
355,lise,evet,ozel sektor,lise,evet,ozel sektor,4
356,lise,hayir,calismiyor,universite,emekli,calismiyor,3
357,lise,hayir,calismiyor,lise,evet,ozel sektor,2
358,lise,hayir,ozel sektor,universite,evet,ozel sektor,2
359,ilkokul,hayir,calismiyor,ilkokul,evet,diger,2
360,ilkokul,hayir,calismiyor,Null,Null,Null,Null
361,lise,hayir,calismiyor,universite,emekli,calismiyor,1
362,lise,emekli,calismiyor,universite,emekli,calismiyor,0
363,lise,hayir,calismiyor,ortaokul,hayir,calismiyor,0
364,ilkokul,hayir,calismiyor,ilkokul,emekli,calismiyor,2
365,ortaokul,hayir,calismiyor,Null,Null,Null,Null
366,ilkokul,hayir,calismiyor,Null,Null,Null,Null
367,egitimi yok,hayir,kamu,ortaokul,evet,kamu,3
368,lise,evet,ozel sektor,lise,evet,diger,2
369,universite,evet,kamu,universite,evet,kamu,1
370,ortaokul,hayir,calismiyor,ilkokul,emekli,calismiyor,1
371,ilkokul,hayir,calismiyor,Null,Null,Null,Null
372,lise,hayir,calismiyor,universite,evet,kamu,1
373,lise,hayir,calismiyor,lise,emekli,calismiyor,1
374,universite,evet,kamu,lise,evet,ozel sektor,1
375,ilkokul,hayir,calismiyor,universite,evet,kamu,2
376,lise,hayir,calismiyor,universite,evet,kamu,3
377,ilkokul,hayir,calismiyor,ilkokul,emekli,calismiyor,6
378,ortaokul,hayir,calismiyor,universite,evet,kamu,1
379,ilkokul,hayir,calismiyor,ilkokul,evet,ozel sektor,5
380,ilkokul,hayir,calismiyor,lise,evet,ozel sektor,7
381,universite,evet,kamu,universite,evet,kamu,1
382,ilkokul,hayir,calismiyor,lise,evet,diger,2
383,egitimi yok,hayir,calismiyor,ilkokul,emekli,calismiyor,10
384,lise,hayir,calismiyor,egitimi yok,emekli,calismiyor,1
385,ilkokul,hayir,calismiyor,ilkokul,evet,diger,3
386,universite,evet,ozel sektor,universite,evet,kamu,1
387,egitimi yok,hayir,calismiyor,ilkokul,emekli,calismiyor,6
388,lise,hayir,calismiyor,universite,evet,ozel sektor,1
389,lise,hayir,calismiyor,lise,evet,ozel sektor,1
390,ilkokul,hayir,calismiyor,ortaokul,evet,ozel sektor,1
391,ilkokul,hayir,calismiyor,ortaokul,evet,ozel sektor,6
392,ortaokul,hayir,calismiyor,lise,emekli,calismiyor,0
393,ortaokul,hayir,calismiyor,lise,emekli,calismiyor,0
394,ilkokul,hayir,calismiyor,lise,emekli,calismiyor,3
395,ilkokul,hayir,calismiyor,lise,evet,ozel sektor,1
396,lise,emekli,calismiyor,lise,evet,ozel sektor,3
397,ortaokul,hayir,calismiyor,ilkokul,evet,diger,1
398,universite,emekli,calismiyor,Null,evet,kamu,2
399,lise,hayir,calismiyor,lise,evet,ozel sektor,2
400,lise,hayir,calismiyor,universite,evet,kamu,1
401,ortaokul,hayir,calismiyor,universite,emekli,calismiyor,2
402,universite,hayir,calismiyor,universite,evet,ozel sektor,0
403,universite,evet,kamu,lise,emekli,calismiyor,1
404,lise,hayir,calismiyor,universite,emekli,calismiyor,1
405,lise,hayir,calismiyor,lise,hayir,calismiyor,4
406,lise,emekli,calismiyor,Null,emekli,calismiyor,2
407,lise,hayir,calismiyor,universite,hayir,calismiyor,3
408,lise,hayir,calismiyor,lise,evet,ozel sektor,2
409,ilkokul,hayir,calismiyor,lise,emekli,calismiyor,1
410,lise,evet,ozel sektor,lise,evet,ozel sektor,1
411,ilkokul,hayir,calismiyor,lise,evet,diger,3
412,ilkokul,hayir,calismiyor,ilkokul,evet,diger,3
413,lise,hayir,calismiyor,universite,emekli,calismiyor,1
414,universite,evet,ozel sektor,universite,evet,ozel sektor,3
415,ilkokul,hayir,calismiyor,universite,emekli,calismiyor,2
416,universite,emekli,calismiyor,lise,evet,kamu,1
417,ortaokul,evet,ozel sektor,lise,hayir,calismiyor,1
418,lise,evet,kamu,universite,emekli,calismiyor,0
419,ilkokul,hayir,calismiyor,egitimi yok,emekli,ozel sektor,3
420,ilkokul,hayir,calismiyor,ortaokul,evet,ozel sektor,1
421,universite,evet,kamu,universite,evet,kamu,1
422,ilkokul,hayir,calismiyor,Null,Null,Null,Null
423,ilkokul,hayir,calismiyor,Null,Null,Null,Null
424,universite,hayir,calismiyor,universite,evet,ozel sektor,1
425,ilkokul,hayir,calismiyor,ilkokul,evet,ozel sektor,5
426,ortaokul,emekli,calismiyor,ilkokul,emekli,calismiyor,2
427,ilkokul,emekli,calismiyor,lise,emekli,calismiyor,1
428,lise,evet,kamu,lise,evet,ozel sektor,1
429,lise,hayir,calismiyor,universite,evet,ozel sektor,1
430,ilkokul,hayir,calismiyor,ilkokul,emekli,calismiyor,2
431,ilkokul,emekli,calismiyor,ortaokul,hayir,calismiyor,1
432,ilkokul,hayir,calismiyor,lise,evet,kamu,2
433,ilkokul,hayir,calismiyor,ilkokul,evet,ozel sektor,1
434,lise,evet,ozel sektor,Null,Null,Null,Null
435,universite,evet,kamu,universite,evet,kamu,1
436,ilkokul,emekli,calismiyor,egitimi yok,emekli,calismiyor,0
437,ilkokul,hayir,calismiyor,lise,emekli,calismiyor,1
438,ilkokul,hayir,calismiyor,ortaokul,evet,kamu,1
439,universite,evet,kamu,universite,evet,kamu,1
440,lise,emekli,calismiyor,lise,emekli,calismiyor,1
441,universite,emekli,calismiyor,universite,evet,ozel sektor,1
442,universite,emekli,calismiyor,universite,emekli,calismiyor,1
443,ilkokul,hayir,calismiyor,ilkokul,emekli,calismiyor,2
444,lise,hayir,calismiyor,Null,Null,Null,Null
445,universite,evet,kamu,universite,emekli,kamu,1
446,universite,emekli,calismiyor,Null,Null,Null,Null
447,ortaokul,hayir,calismiyor,ortaokul,evet,ozel sektor,0
448,universite,hayir,calismiyor,universite,evet,ozel sektor,0
449,ilkokul,hayir,calismiyor,ilkokul,emekli,calismiyor,5
450,lise,emekli,calismiyor,universite,emekli,calismiyor,1
451,ilkokul,hayir,calismiyor,lise,hayir,calismiyor,5
452,ilkokul,hayir,calismiyor,universite,evet,kamu,3
453,ilkokul,hayir,calismiyor,ortaokul,evet,diger,4
454,lise,hayir,calismiyor,ilkokul,emekli,calismiyor,4
455,ilkokul,hayir,calismiyor,ilkokul,emekli,calismiyor,3
456,ilkokul,hayir,calismiyor,lise,evet,diger,1
457,egitimi yok,hayir,calismiyor,egitimi yok,hayir,calismiyor,11
458,ilkokul,hayir,calismiyor,ilkokul,emekli,calismiyor,8
459,lise,emekli,calismiyor,ortaokul,emekli,calismiyor,1
460,egitimi yok,hayir,calismiyor,Null,Null,Null,Null
461,egitimi yok,hayir,calismiyor,lise,evet,diger,3
462,ortaokul,hayir,calismiyor,Null,Null,Null,Null
463,ilkokul,hayir,calismiyor,ilkokul,emekli,calismiyor,0
464,ilkokul,hayir,calismiyor,universite,evet,kamu,4
465,ilkokul,hayir,calismiyor,ilkokul,emekli,calismiyor,4
466,lise,emekli,calismiyor,ilkokul,hayir,calismiyor,1
467,ilkokul,hayir,calismiyor,ilkokul,evet,ozel sektor,1
468,lise,emekli,calismiyor,Null,Null,Null,Null
469,ilkokul,hayir,calismiyor,lise,evet,ozel sektor,2
470,lise,evet,diger,ortaokul,emekli,calismiyor,2
471,ilkokul,hayir,calismiyor,ortaokul,hayir,calismiyor,3
472,lise,evet,ozel sektor,ortaokul,evet,ozel sektor,1
473,universite,evet,kamu,Null,evet,kamu,2
474,ilkokul,emekli,calismiyor,ilkokul,emekli,calismiyor,2
475,ilkokul,hayir,calismiyor,ilkokul,evet,diger,0
476,egitimi yok,hayir,calismiyor,Null,Null,Null,Null
477,ilkokul,hayir,calismiyor,lise,hayir,calismiyor,3
478,ilkokul,hayir,calismiyor,ilkokul,hayir,calismiyor,1
479,ilkokul,emekli,calismiyor,lise,emekli,calismiyor,1
480,ilkokul,hayir,calismiyor,Null,Null,Null,Null
481,universite,evet,ozel sektor,ilkokul,emekli,calismiyor,2
482,ilkokul,emekli,calismiyor,ortaokul,emekli,calismiyor,2
483,ilkokul,evet,diger,ilkokul,emekli,calismiyor,4
484,ortaokul,hayir,calismiyor,universite,evet,kamu,4
485,ortaokul,hayir,calismiyor,ortaokul,evet,diger,1
486,universite,evet,kamu,Null,evet,kamu,1
487,lise,hayir,calismiyor,lise,evet,ozel sektor,0
488,universite,evet,kamu,lise,hayir,calismiyor,1
489,ilkokul,hayir,calismiyor,ilkokul,evet,ozel sektor,3
490,universite,hayir,calismiyor,universite,evet,ozel sektor,1
491,ortaokul,hayir,calismiyor,universite,evet,kamu,1
492,ilkokul,hayir,calismiyor,ilkokul,hayir,calismiyor,5
493,ilkokul,hayir,calismiyor,ilkokul,evet,diger,3
494,egitimi yok,evet,ozel sektor,ilkokul,emekli,calismiyor,2
495,universite,evet,kamu,Null,Null,Null,Null
496,ilkokul,hayir,calismiyor,lise,evet,kamu,1
497,ilkokul,hayir,calismiyor,ilkokul,hayir,calismiyor,2
498,ilkokul,hayir,calismiyor,egitimi yok,evet,diger,4
499,ortaokul,hayir,calismiyor,ilkokul,emekli,calismiyor,1
500,universite,emekli,calismiyor,Null,evet,kamu,1
501,ilkokul,hayir,calismiyor,egitimi yok,hayir,calismiyor,1
502,universite,evet,kamu,lise,evet,ozel sektor,1
503,ilkokul,hayir,calismiyor,universite,emekli,calismiyor,1
504,ortaokul,hayir,calismiyor,ortaokul,evet,ozel sektor,3
505,ilkokul,hayir,calismiyor,ilkokul,evet,ozel sektor,1
506,ilkokul,hayir,calismiyor,universite,evet,kamu,2
507,ilkokul,hayir,calismiyor,universite,evet,kamu,3
508,ilkokul,hayir,calismiyor,ilkokul,hayir,calismiyor,2
509,universite,emekli,calismiyor,Null,Null,Null,Null
510,ilkokul,hayir,calismiyor,Null,Null,Null,Null
511,ilkokul,emekli,calismiyor,egitimi yok,Null,calismiyor,Null
512,egitimi yok,hayir,calismiyor,Null,Null,Null,Null
513,universite,hayir,calismiyor,universite,evet,ozel sektor,4
514,ilkokul,hayir,calismiyor,lise,emekli,calismiyor,2
515,lise,evet,ozel sektor,universite,evet,ozel sektor,1
516,ilkokul,hayir,calismiyor,ilkokul,hayir,calismiyor,2
517,ilkokul,hayir,calismiyor,lise,emekli,calismiyor,4
518,universite,evet,diger,universite,evet,kamu,Null
519,ilkokul,hayir,calismiyor,ilkokul,emekli,calismiyor,3
520,lise,hayir,calismiyor,Null,Null,Null,Null
521,lise,hayir,calismiyor,universite,emekli,calismiyor,1
522,lise,emekli,calismiyor,Null,evet,kamu,1
523,lise,hayir,calismiyor,ortaokul,emekli,calismiyor,1
524,ortaokul,hayir,calismiyor,universite,evet,diger,2
525,universite,hayir,calismiyor,universite,evet,ozel sektor,2
526,ilkokul,hayir,calismiyor,lise,emekli,calismiyor,1
527,egitimi yok,hayir,calismiyor,ilkokul,emekli,diger,5
528,lise,hayir,calismiyor,lise,hayir,calismiyor,1
529,universite,evet,kamu,universite,emekli,calismiyor,1
530,ilkokul,hayir,calismiyor,ortaokul,evet,ozel sektor,3
531,lise,hayir,calismiyor,Null,Null,Null,Null
532,ortaokul,hayir,calismiyor,universite,emekli,calismiyor,4
533,ilkokul,hayir,calismiyor,ilkokul,evet,ozel sektor,1
534,ilkokul,hayir,calismiyor,ilkokul,evet,ozel sektor,1
535,universite,emekli,calismiyor,lise,emekli,calismiyor,1
536,ortaokul,hayir,calismiyor,lise,evet,ozel sektor,2
537,ilkokul,emekli,calismiyor,lise,hayir,calismiyor,3
538,lise,hayir,calismiyor,lise,evet,ozel sektor,2
539,universite,hayir,calismiyor,lise,evet,diger,0
540,universite,emekli,calismiyor,Null,Null,Null,Null
541,lise,hayir,calismiyor,universite,evet,kamu,2
542,lise,hayir,calismiyor,ilkokul,evet,ozel sektor,1
543,lise,hayir,calismiyor,Null,evet,kamu,4
544,ilkokul,hayir,calismiyor,ilkokul,evet,diger,4
545,ortaokul,evet,ozel sektor,ilkokul,emekli,calismiyor,0
546,universite,evet,kamu,universite,evet,kamu,2
547,ortaokul,hayir,calismiyor,ilkokul,evet,diger,3
548,ortaokul,hayir,calismiyor,ilkokul,emekli,calismiyor,2
549,ilkokul,hayir,calismiyor,ilkokul,evet,ozel sektor,1
550,ilkokul,hayir,calismiyor,egitimi yok,evet,ozel sektor,2
551,ilkokul,evet,diger,lise,evet,ozel sektor,0
552,lise,hayir,calismiyor,Null,Null,Null,Null
553,ilkokul,hayir,calismiyor,Null,Null,Null,Null
554,ortaokul,evet,ozel sektor,ilkokul,emekli,calismiyor,1
555,ortaokul,emekli,calismiyor,universite,emekli,calismiyor,2
556,ilkokul,hayir,calismiyor,ortaokul,Null,calismiyor,1
557,lise,evet,diger,universite,evet,diger,0
558,ilkokul,emekli,calismiyor,lise,emekli,calismiyor,1
559,universite,evet,kamu,universite,evet,ozel sektor,3
560,lise,emekli,calismiyor,lise,emekli,calismiyor,2
561,universite,emekli,calismiyor,Null,emekli,calismiyor,0
562,lise,hayir,calismiyor,lise,evet,ozel sektor,3
563,ilkokul,hayir,calismiyor,Null,Null,Null,Null
564,lise,emekli,calismiyor,lise,evet,ozel sektor,1
565,Null,evet,kamu,Null,emekli,calismiyor,0
566,ilkokul,hayir,calismiyor,lise,evet,diger,2
567,ilkokul,hayir,calismiyor,ortaokul,evet,diger,1
568,lise,evet,kamu,universite,evet,kamu,1
569,egitimi yok,hayir,calismiyor,egitimi yok,evet,diger,7
570,lise,hayir,calismiyor,ilkokul,evet,kamu,5
571,ilkokul,hayir,calismiyor,ilkokul,emekli,calismiyor,7
572,ilkokul,hayir,calismiyor,Null,Null,Null,Null
573,ortaokul,hayir,calismiyor,ortaokul,evet,diger,2
574,ortaokul,evet,ozel sektor,ilkokul,evet,ozel sektor,0
575,lise,hayir,calismiyor,lise,hayir,calismiyor,1
576,lise,hayir,calismiyor,ortaokul,emekli,calismiyor,2
577,ilkokul,hayir,calismiyor,ortaokul,evet,ozel sektor,1
578,lise,evet,diger,egitimi yok,Null,calismiyor,0
579,lise,hayir,calismiyor,lise,emekli,calismiyor,3
580,ilkokul,hayir,calismiyor,ilkokul,emekli,calismiyor,1
581,lise,hayir,calismiyor,lise,evet,ozel sektor,3
582,lise,hayir,calismiyor,universite,evet,kamu,1
583,ilkokul,emekli,calismiyor,lise,emekli,calismiyor,1
584,universite,hayir,calismiyor,lise,evet,kamu,3
585,ortaokul,hayir,calismiyor,lise,evet,ozel sektor,3
586,ortaokul,hayir,calismiyor,universite,evet,kamu,1
587,ilkokul,hayir,calismiyor,ilkokul,evet,diger,2
588,ilkokul,evet,ozel sektor,ilkokul,evet,ozel sektor,2
589,lise,hayir,calismiyor,universite,emekli,ozel sektor,5
590,ilkokul,hayir,calismiyor,lise,emekli,calismiyor,1
591,ilkokul,hayir,calismiyor,ilkokul,emekli,calismiyor,2
592,lise,emekli,calismiyor,universite,evet,kamu,1
593,ortaokul,hayir,calismiyor,lise,emekli,calismiyor,1
594,lise,hayir,calismiyor,universite,evet,kamu,3
595,ortaokul,hayir,calismiyor,ortaokul,emekli,calismiyor,2
596,ilkokul,hayir,calismiyor,ortaokul,emekli,calismiyor,2
597,ilkokul,evet,ozel sektor,Null,Null,Null,Null
598,ilkokul,hayir,calismiyor,lise,emekli,calismiyor,4
599,ortaokul,hayir,calismiyor,lise,hayir,calismiyor,1
600,lise,hayir,calismiyor,universite,evet,diger,0
601,lise,hayir,calismiyor,universite,evet,ozel sektor,1
602,egitimi yok,hayir,calismiyor,lise,evet,diger,1
603,universite,emekli,calismiyor,egitimi yok,hayir,calismiyor,0
604,Null,emekli,calismiyor,Null,evet,kamu,2
605,universite,evet,kamu,universite,emekli,calismiyor,0
606,Null,evet,kamu,universite,hayir,calismiyor,2
607,lise,hayir,calismiyor,lise,evet,ozel sektor,1
608,egitimi yok,hayir,calismiyor,lise,hayir,calismiyor,9
609,universite,evet,kamu,universite,evet,kamu,1
610,universite,hayir,calismiyor,Null,evet,ozel sektor,1
611,universite,evet,kamu,universite,evet,diger,2
612,lise,hayir,calismiyor,universite,hayir,calismiyor,1
613,lise,hayir,calismiyor,universite,hayir,calismiyor,1
614,lise,hayir,calismiyor,lise,emekli,calismiyor,2
615,lise,emekli,calismiyor,lise,emekli,calismiyor,1
616,universite,emekli,calismiyor,Null,evet,kamu,2
617,universite,evet,kamu,Null,evet,kamu,2
618,lise,emekli,calismiyor,universite,evet,kamu,1
619,ortaokul,hayir,calismiyor,ortaokul,hayir,calismiyor,1
620,universite,evet,ozel sektor,universite,evet,diger,0
621,ortaokul,evet,ozel sektor,universite,evet,ozel sektor,1
622,ortaokul,hayir,calismiyor,lise,evet,diger,1
623,ortaokul,hayir,calismiyor,universite,evet,kamu,1
624,lise,hayir,calismiyor,ortaokul,emekli,calismiyor,1
625,universite,hayir,calismiyor,universite,evet,ozel sektor,1
626,ortaokul,hayir,calismiyor,lise,emekli,calismiyor,0
627,lise,hayir,calismiyor,lise,emekli,calismiyor,2
628,lise,hayir,calismiyor,universite,emekli,calismiyor,2
629,Null,emekli,calismiyor,universite,emekli,calismiyor,1
630,lise,hayir,calismiyor,universite,evet,ozel sektor,1
631,ilkokul,hayir,calismiyor,ilkokul,hayir,calismiyor,4
632,universite,evet,kamu,universite,evet,kamu,2
633,egitimi yok,hayir,calismiyor,ilkokul,emekli,calismiyor,5
634,universite,hayir,calismiyor,universite,emekli,ozel sektor,2
635,ilkokul,hayir,calismiyor,ilkokul,emekli,calismiyor,3
636,lise,hayir,calismiyor,universite,evet,ozel sektor,1
637,lise,hayir,calismiyor,universite,evet,ozel sektor,1
638,lise,hayir,calismiyor,universite,evet,kamu,3
639,universite,emekli,calismiyor,universite,emekli,calismiyor,2
640,ilkokul,hayir,calismiyor,universite,emekli,calismiyor,2
641,universite,evet,kamu,universite,evet,kamu,3
642,universite,evet,kamu,universite,evet,ozel sektor,1
643,universite,hayir,calismiyor,universite,evet,kamu,2
644,lise,evet,ozel sektor,universite,evet,ozel sektor,2
645,lise,emekli,calismiyor,Null,emekli,calismiyor,1
646,ilkokul,hayir,calismiyor,lise,evet,ozel sektor,2
647,universite,hayir,calismiyor,universite,evet,kamu,2
648,universite,evet,kamu,lise,emekli,calismiyor,1
649,lise,hayir,calismiyor,universite,emekli,calismiyor,4
650,ortaokul,hayir,calismiyor,ortaokul,evet,diger,3
651,lise,hayir,calismiyor,universite,evet,kamu,1
652,egitimi yok,emekli,calismiyor,egitimi yok,evet,diger,3
653,universite,emekli,ozel sektor,universite,evet,kamu,2
654,lise,evet,ozel sektor,ortaokul,emekli,calismiyor,1
655,lise,hayir,calismiyor,Null,emekli,calismiyor,2
656,ilkokul,hayir,calismiyor,lise,evet,diger,2
657,lise,emekli,calismiyor,universite,evet,ozel sektor,1
658,ilkokul,hayir,calismiyor,ilkokul,evet,ozel sektor,5
659,ilkokul,hayir,calismiyor,universite,evet,kamu,2
660,ortaokul,hayir,calismiyor,lise,evet,ozel sektor,1
661,ortaokul,hayir,calismiyor,lise,emekli,calismiyor,1
662,ilkokul,hayir,calismiyor,lise,hayir,calismiyor,4
663,ilkokul,hayir,calismiyor,ilkokul,emekli,calismiyor,3
664,Null,evet,kamu,Null,evet,diger,1
665,ilkokul,hayir,calismiyor,ilkokul,evet,diger,6
666,lise,hayir,calismiyor,Null,evet,ozel sektor,2
667,ilkokul,hayir,calismiyor,ilkokul,evet,diger,3
668,universite,evet,ozel sektor,universite,evet,ozel sektor,1
669,lise,hayir,calismiyor,universite,evet,ozel sektor,1
670,ilkokul,hayir,calismiyor,universite,emekli,calismiyor,6
671,ortaokul,hayir,calismiyor,ortaokul,evet,ozel sektor,2
672,universite,emekli,calismiyor,universite,evet,ozel sektor,1
673,ilkokul,hayir,calismiyor,ilkokul,emekli,calismiyor,2
674,lise,hayir,calismiyor,ortaokul,emekli,calismiyor,3
675,egitimi yok,evet,diger,egitimi yok,hayir,calismiyor,4
676,ilkokul,hayir,calismiyor,ilkokul,emekli,calismiyor,4
677,ortaokul,hayir,diger,universite,evet,kamu,1
678,egitimi yok,hayir,calismiyor,lise,evet,diger,5
679,ortaokul,hayir,calismiyor,universite,evet,diger,2
680,universite,evet,kamu,universite,evet,kamu,1
681,ilkokul,hayir,calismiyor,ilkokul,emekli,calismiyor,3
682,ilkokul,hayir,calismiyor,egitimi yok,Null,calismiyor,1
683,ilkokul,hayir,diger,ilkokul,evet,diger,2
684,lise,hayir,calismiyor,lise,evet,ozel sektor,1
685,egitimi yok,hayir,calismiyor,lise,emekli,calismiyor,4
686,universite,evet,kamu,Null,evet,ozel sektor,2
687,ilkokul,hayir,calismiyor,lise,evet,kamu,1
688,universite,emekli,calismiyor,lise,emekli,calismiyor,3
689,ortaokul,hayir,calismiyor,lise,evet,kamu,5
690,lise,emekli,calismiyor,lise,evet,ozel sektor,0
691,lise,evet,ozel sektor,lise,evet,kamu,1
692,ilkokul,hayir,calismiyor,universite,evet,kamu,2
693,ortaokul,hayir,calismiyor,lise,emekli,calismiyor,2
694,ilkokul,hayir,calismiyor,lise,emekli,calismiyor,1
695,lise,hayir,calismiyor,universite,evet,ozel sektor,3
696,lise,hayir,calismiyor,Null,evet,kamu,4
697,lise,emekli,calismiyor,lise,emekli,calismiyor,0
698,lise,hayir,calismiyor,ortaokul,evet,ozel sektor,2
699,ilkokul,hayir,calismiyor,lise,emekli,calismiyor,3
700,lise,evet,ozel sektor,lise,hayir,calismiyor,1
701,universite,evet,kamu,universite,evet,ozel sektor,1
702,ilkokul,hayir,calismiyor,universite,evet,ozel sektor,1
703,Null,evet,kamu,lise,emekli,calismiyor,1
704,universite,evet,kamu,Null,evet,ozel sektor,1
705,Null,evet,kamu,universite,evet,kamu,2
706,ortaokul,hayir,calismiyor,lise,emekli,calismiyor,2
707,universite,evet,kamu,Null,evet,kamu,3
708,ilkokul,hayir,calismiyor,ilkokul,emekli,calismiyor,4
709,ortaokul,hayir,calismiyor,ilkokul,evet,diger,4
710,universite,evet,kamu,universite,evet,kamu,2
711,universite,evet,kamu,lise,evet,ozel sektor,1
712,universite,hayir,calismiyor,universite,evet,kamu,4
713,lise,hayir,calismiyor,universite,evet,kamu,1
714,universite,evet,ozel sektor,lise,evet,ozel sektor,1
715,lise,evet,kamu,lise,evet,ozel sektor,4
716,egitimi yok,hayir,calismiyor,lise,evet,kamu,3
717,egitimi yok,hayir,calismiyor,egitimi yok,emekli,calismiyor,9
718,lise,evet,ozel sektor,lise,emekli,calismiyor,1
719,lise,evet,kamu,universite,evet,kamu,2
720,ortaokul,hayir,calismiyor,ortaokul,evet,ozel sektor,0
721,universite,evet,ozel sektor,universite,evet,ozel sektor,1
722,egitimi yok,hayir,calismiyor,ilkokul,emekli,calismiyor,8
723,universite,hayir,calismiyor,universite,evet,ozel sektor,2
724,universite,evet,diger,universite,evet,diger,2
725,ortaokul,hayir,calismiyor,ilkokul,evet,diger,1
726,universite,hayir,calismiyor,lise,evet,ozel sektor,1
727,ilkokul,hayir,ozel sektor,ilkokul,evet,ozel sektor,4
728,universite,evet,ozel sektor,universite,evet,kamu,1
729,universite,hayir,calismiyor,universite,emekli,calismiyor,1
730,lise,evet,kamu,lise,emekli,calismiyor,1
731,Null,evet,kamu,Null,emekli,calismiyor,3
732,lise,evet,ozel sektor,lise,hayir,calismiyor,0
733,lise,hayir,calismiyor,universite,evet,kamu,1
734,lise,hayir,calismiyor,lise,evet,ozel sektor,1
735,lise,hayir,calismiyor,universite,hayir,calismiyor,1
736,lise,evet,ozel sektor,lise,evet,kamu,3
737,egitimi yok,hayir,calismiyor,universite,emekli,calismiyor,3
738,ilkokul,hayir,calismiyor,ilkokul,emekli,calismiyor,1
739,ortaokul,hayir,calismiyor,lise,emekli,calismiyor,3
740,universite,emekli,calismiyor,universite,emekli,calismiyor,2
741,universite,emekli,calismiyor,universite,evet,kamu,1
742,Null,evet,kamu,Null,evet,kamu,6
743,ortaokul,evet,ozel sektor,ilkokul,evet,ozel sektor,1
744,lise,hayir,calismiyor,lise,emekli,calismiyor,1
745,universite,hayir,calismiyor,universite,evet,ozel sektor,1
746,lise,emekli,calismiyor,universite,emekli,calismiyor,3
747,ilkokul,hayir,calismiyor,lise,emekli,calismiyor,3
748,ilkokul,hayir,calismiyor,ilkokul,emekli,calismiyor,2
749,universite,evet,kamu,universite,emekli,calismiyor,1
750,ortaokul,hayir,calismiyor,universite,evet,diger,1
751,universite,emekli,calismiyor,lise,evet,ozel sektor,1
752,lise,evet,kamu,universite,emekli,calismiyor,1
753,universite,hayir,calismiyor,universite,evet,kamu,3
754,lise,evet,ozel sektor,universite,evet,ozel sektor,2
755,ilkokul,hayir,calismiyor,universite,evet,kamu,2
756,universite,hayir,calismiyor,universite,evet,kamu,1
757,lise,evet,kamu,universite,evet,kamu,1
758,ilkokul,emekli,calismiyor,lise,emekli,calismiyor,1
759,ortaokul,hayir,calismiyor,lise,emekli,calismiyor,2
760,ilkokul,hayir,calismiyor,universite,evet,kamu,3
761,ilkokul,hayir,calismiyor,ilkokul,emekli,calismiyor,1
762,ortaokul,hayir,calismiyor,universite,evet,ozel sektor,2
763,ilkokul,evet,ozel sektor,ilkokul,hayir,calismiyor,2
764,ilkokul,hayir,calismiyor,lise,evet,diger,1
765,ilkokul,hayir,calismiyor,ilkokul,evet,ozel sektor,3
766,lise,emekli,calismiyor,universite,evet,kamu,1
767,egitimi yok,hayir,calismiyor,egitimi yok,hayir,calismiyor,3
768,lise,emekli,calismiyor,ilkokul,emekli,calismiyor,1
769,universite,evet,kamu,universite,evet,kamu,1
770,lise,evet,ozel sektor,universite,evet,ozel sektor,1
771,lise,emekli,calismiyor,universite,evet,kamu,2
772,ilkokul,emekli,calismiyor,ilkokul,emekli,calismiyor,1
773,lise,hayir,calismiyor,universite,evet,kamu,3
774,ilkokul,hayir,calismiyor,ilkokul,evet,ozel sektor,1
775,universite,emekli,calismiyor,lise,hayir,calismiyor,1
776,ilkokul,hayir,calismiyor,lise,emekli,calismiyor,3
777,lise,emekli,calismiyor,universite,emekli,calismiyor,5
778,egitimi yok,hayir,calismiyor,egitimi yok,emekli,calismiyor,4
779,lise,hayir,calismiyor,universite,emekli,calismiyor,2
780,egitimi yok,hayir,calismiyor,lise,emekli,calismiyor,5
781,ilkokul,hayir,calismiyor,ilkokul,emekli,calismiyor,2
782,ortaokul,hayir,calismiyor,ortaokul,evet,ozel sektor,1
783,ilkokul,hayir,calismiyor,ilkokul,evet,diger,0
784,lise,evet,ozel sektor,lise,hayir,calismiyor,2
785,universite,evet,kamu,universite,evet,kamu,1
786,universite,evet,diger,universite,evet,kamu,1
787,universite,emekli,calismiyor,universite,evet,kamu,1
788,universite,evet,ozel sektor,universite,evet,kamu,2
789,lise,hayir,calismiyor,universite,evet,kamu,1
790,universite,evet,kamu,universite,emekli,calismiyor,0
791,ilkokul,hayir,calismiyor,ilkokul,hayir,calismiyor,1
792,lise,hayir,calismiyor,ilkokul,emekli,calismiyor,1
793,lise,hayir,calismiyor,lise,evet,ozel sektor,2
794,lise,hayir,calismiyor,universite,emekli,calismiyor,3
795,lise,emekli,calismiyor,lise,evet,ozel sektor,1
796,ilkokul,hayir,calismiyor,universite,evet,ozel sektor,2
797,ilkokul,evet,ozel sektor,ilkokul,evet,diger,2
798,ilkokul,hayir,calismiyor,lise,emekli,calismiyor,2
799,egitimi yok,evet,diger,ilkokul,evet,diger,1
800,universite,evet,ozel sektor,Null,evet,ozel sektor,1
801,universite,hayir,calismiyor,universite,evet,ozel sektor,1
802,lise,hayir,calismiyor,universite,emekli,calismiyor,4
803,universite,evet,kamu,universite,hayir,diger,1
804,universite,emekli,calismiyor,Null,evet,kamu,3
805,ilkokul,hayir,calismiyor,ilkokul,hayir,calismiyor,5
806,ilkokul,hayir,calismiyor,lise,emekli,calismiyor,2
807,lise,hayir,calismiyor,universite,emekli,calismiyor,1
808,universite,evet,kamu,universite,evet,kamu,2
809,lise,hayir,calismiyor,universite,evet,kamu,1
810,ilkokul,hayir,calismiyor,ortaokul,emekli,calismiyor,4
811,ilkokul,hayir,calismiyor,lise,emekli,calismiyor,3
812,lise,emekli,calismiyor,Null,evet,ozel sektor,1
813,Null,evet,kamu,universite,evet,ozel sektor,1
814,ilkokul,hayir,calismiyor,egitimi yok,Null,calismiyor,1
815,egitimi yok,hayir,calismiyor,lise,emekli,calismiyor,4
816,ortaokul,hayir,calismiyor,lise,evet,ozel sektor,6
817,Null,evet,kamu,universite,evet,diger,1
818,universite,evet,kamu,universite,evet,kamu,1
819,universite,emekli,calismiyor,universite,emekli,calismiyor,1
820,lise,evet,ozel sektor,ortaokul,evet,ozel sektor,2
821,universite,hayir,calismiyor,universite,emekli,calismiyor,2
822,lise,emekli,calismiyor,ortaokul,evet,ozel sektor,1
823,universite,hayir,calismiyor,universite,emekli,calismiyor,1
824,universite,evet,kamu,universite,evet,kamu,1
825,universite,evet,kamu,universite,evet,kamu,1
826,lise,hayir,calismiyor,lise,evet,kamu,3
827,ilkokul,hayir,calismiyor,lise,emekli,calismiyor,3
828,ilkokul,hayir,calismiyor,universite,evet,kamu,2
829,lise,hayir,calismiyor,lise,evet,kamu,1
830,Null,evet,ozel sektor,universite,hayir,calismiyor,1
831,universite,evet,ozel sektor,universite,hayir,calismiyor,1
832,egitimi yok,hayir,calismiyor,ilkokul,emekli,calismiyor,10
833,ortaokul,hayir,calismiyor,lise,emekli,calismiyor,2
834,ilkokul,evet,ozel sektor,egitimi yok,Null,calismiyor,0
835,egitimi yok,hayir,calismiyor,ilkokul,emekli,calismiyor,2
836,lise,emekli,calismiyor,ilkokul,emekli,calismiyor,2
837,ortaokul,hayir,calismiyor,ortaokul,emekli,calismiyor,1
838,egitimi yok,hayir,calismiyor,ilkokul,evet,ozel sektor,3
839,ortaokul,hayir,calismiyor,ilkokul,emekli,calismiyor,2
840,ilkokul,hayir,calismiyor,ilkokul,evet,ozel sektor,2
841,ortaokul,hayir,calismiyor,lise,hayir,calismiyor,1
842,lise,emekli,calismiyor,universite,emekli,calismiyor,1
843,ilkokul,hayir,calismiyor,ilkokul,emekli,calismiyor,2
844,lise,evet,kamu,Null,evet,kamu,1
845,ilkokul,evet,diger,lise,emekli,calismiyor,1
846,ilkokul,hayir,calismiyor,universite,emekli,calismiyor,2
847,lise,hayir,calismiyor,lise,emekli,calismiyor,1
848,lise,evet,kamu,universite,hayir,calismiyor,2
849,universite,emekli,calismiyor,universite,evet,ozel sektor,1
850,ortaokul,hayir,calismiyor,universite,emekli,calismiyor,1
851,ilkokul,hayir,calismiyor,universite,evet,diger,4
852,lise,emekli,calismiyor,ilkokul,emekli,calismiyor,0
853,universite,hayir,calismiyor,lise,evet,kamu,4
854,universite,hayir,calismiyor,universite,evet,kamu,2
855,ilkokul,hayir,calismiyor,ilkokul,evet,ozel sektor,4
856,universite,evet,kamu,lise,emekli,calismiyor,3
857,universite,emekli,calismiyor,universite,evet,kamu,2
858,universite,evet,kamu,universite,evet,ozel sektor,2
859,ilkokul,hayir,calismiyor,ilkokul,evet,diger,5
860,lise,emekli,calismiyor,lise,emekli,calismiyor,1
861,ilkokul,hayir,calismiyor,ilkokul,evet,ozel sektor,1
862,universite,evet,kamu,universite,evet,kamu,1
863,lise,emekli,calismiyor,universite,emekli,calismiyor,1
864,lise,hayir,calismiyor,lise,emekli,calismiyor,1
865,ilkokul,hayir,calismiyor,ilkokul,evet,ozel sektor,1
866,ilkokul,hayir,calismiyor,universite,evet,kamu,1
867,lise,hayir,calismiyor,ortaokul,evet,ozel sektor,2
868,lise,evet,ozel sektor,universite,evet,kamu,1
869,lise,hayir,calismiyor,universite,emekli,calismiyor,2
870,lise,emekli,calismiyor,ortaokul,emekli,calismiyor,1
871,ortaokul,hayir,calismiyor,lise,emekli,calismiyor,0
872,universite,evet,kamu,universite,evet,ozel sektor,1
873,universite,evet,kamu,universite,evet,kamu,1
874,lise,hayir,calismiyor,Null,evet,kamu,3
875,ilkokul,hayir,calismiyor,lise,evet,kamu,2
876,ilkokul,hayir,calismiyor,Null,evet,kamu,1
877,ortaokul,evet,ozel sektor,universite,evet,kamu,1
878,ilkokul,hayir,calismiyor,lise,emekli,calismiyor,4
879,lise,hayir,calismiyor,lise,hayir,calismiyor,1
880,ilkokul,emekli,calismiyor,lise,emekli,calismiyor,2
881,universite,emekli,calismiyor,universite,emekli,calismiyor,3
882,lise,hayir,calismiyor,lise,evet,diger,2
883,ilkokul,hayir,calismiyor,ortaokul,emekli,calismiyor,2
884,ilkokul,hayir,calismiyor,universite,evet,kamu,5
885,universite,evet,kamu,universite,evet,kamu,1
886,lise,hayir,calismiyor,universite,evet,kamu,1
887,ilkokul,hayir,calismiyor,ortaokul,evet,kamu,2
888,ilkokul,hayir,calismiyor,universite,evet,kamu,1
889,universite,evet,ozel sektor,universite,evet,ozel sektor,1
890,lise,hayir,calismiyor,ilkokul,evet,kamu,3
891,lise,hayir,calismiyor,ilkokul,evet,ozel sektor,1
892,lise,hayir,calismiyor,universite,evet,diger,1
893,universite,evet,kamu,universite,evet,kamu,2
894,lise,hayir,calismiyor,ilkokul,emekli,calismiyor,1
895,ortaokul,hayir,calismiyor,ilkokul,evet,ozel sektor,1
896,ilkokul,hayir,calismiyor,universite,evet,kamu,3
897,ilkokul,hayir,calismiyor,lise,emekli,calismiyor,2
898,universite,evet,ozel sektor,universite,evet,ozel sektor,2
899,lise,hayir,calismiyor,universite,evet,kamu,5
900,ortaokul,hayir,calismiyor,lise,evet,diger,1
901,lise,hayir,calismiyor,lise,emekli,calismiyor,2
902,egitimi yok,hayir,calismiyor,ilkokul,emekli,calismiyor,8
903,ilkokul,hayir,calismiyor,lise,emekli,calismiyor,1
904,universite,hayir,calismiyor,universite,emekli,ozel sektor,1
905,ortaokul,hayir,calismiyor,lise,emekli,calismiyor,3
906,universite,emekli,calismiyor,universite,evet,kamu,2
907,ortaokul,hayir,calismiyor,ortaokul,emekli,calismiyor,3
908,ilkokul,hayir,calismiyor,ilkokul,evet,ozel sektor,3
909,ilkokul,hayir,calismiyor,lise,evet,ozel sektor,3
910,ilkokul,evet,ozel sektor,lise,evet,ozel sektor,2
911,ilkokul,hayir,calismiyor,ilkokul,emekli,calismiyor,1
912,lise,evet,diger,universite,evet,diger,2
913,universite,emekli,calismiyor,universite,evet,ozel sektor,1
914,ilkokul,hayir,calismiyor,lise,evet,kamu,2
915,lise,evet,ozel sektor,universite,evet,kamu,1
916,egitimi yok,hayir,calismiyor,egitimi yok,hayir,calismiyor,5
917,ilkokul,hayir,calismiyor,lise,hayir,calismiyor,4
918,ortaokul,hayir,calismiyor,lise,evet,diger,2
919,lise,evet,kamu,universite,emekli,calismiyor,1
920,lise,hayir,calismiyor,lise,emekli,calismiyor,1
921,lise,hayir,calismiyor,lise,evet,ozel sektor,1
922,lise,hayir,calismiyor,lise,hayir,calismiyor,3
923,lise,hayir,kamu,universite,evet,kamu,1
924,ilkokul,hayir,calismiyor,ilkokul,evet,kamu,1
925,universite,evet,diger,universite,evet,ozel sektor,1
926,lise,evet,ozel sektor,ortaokul,evet,ozel sektor,1
927,lise,hayir,calismiyor,egitimi yok,hayir,calismiyor,1
928,lise,hayir,kamu,lise,evet,kamu,2
929,ilkokul,hayir,calismiyor,ortaokul,evet,ozel sektor,1
930,lise,hayir,calismiyor,universite,evet,ozel sektor,1
931,lise,emekli,calismiyor,universite,evet,kamu,2
932,lise,hayir,calismiyor,universite,evet,kamu,1
933,ilkokul,evet,ozel sektor,lise,evet,ozel sektor,1
934,ortaokul,hayir,calismiyor,universite,evet,ozel sektor,2
935,lise,hayir,calismiyor,ortaokul,emekli,calismiyor,2
936,universite,hayir,calismiyor,universite,evet,ozel sektor,1
937,lise,hayir,calismiyor,lise,evet,ozel sektor,0
938,ilkokul,hayir,calismiyor,ilkokul,evet,ozel sektor,1
939,ortaokul,hayir,calismiyor,Null,evet,kamu,2
940,ilkokul,hayir,calismiyor,lise,emekli,calismiyor,2
941,egitimi yok,hayir,calismiyor,ortaokul,emekli,calismiyor,4
942,ilkokul,hayir,calismiyor,ilkokul,emekli,calismiyor,1
943,lise,hayir,calismiyor,lise,evet,ozel sektor,2
944,ilkokul,hayir,calismiyor,universite,evet,kamu,3
945,universite,evet,kamu,lise,emekli,calismiyor,0
946,ortaokul,emekli,calismiyor,ortaokul,evet,ozel sektor,2
947,universite,evet,ozel sektor,universite,evet,ozel sektor,1
948,egitimi yok,evet,ozel sektor,egitimi yok,hayir,calismiyor,1
949,ilkokul,hayir,calismiyor,universite,evet,ozel sektor,1
950,lise,hayir,calismiyor,lise,evet,ozel sektor,1
951,universite,evet,ozel sektor,universite,emekli,calismiyor,0
952,lise,evet,diger,universite,evet,kamu,3
953,ilkokul,hayir,calismiyor,universite,evet,kamu,4
954,egitimi yok,hayir,calismiyor,ilkokul,emekli,calismiyor,5
955,ilkokul,hayir,calismiyor,ilkokul,emekli,calismiyor,4
956,egitimi yok,hayir,calismiyor,ilkokul,hayir,calismiyor,6
957,ortaokul,hayir,calismiyor,ortaokul,emekli,calismiyor,1
958,universite,emekli,calismiyor,universite,evet,ozel sektor,1
959,ilkokul,hayir,calismiyor,ilkokul,evet,diger,3
960,lise,evet,ozel sektor,Null,hayir,calismiyor,4
961,universite,evet,kamu,ortaokul,evet,ozel sektor,1
962,ilkokul,hayir,calismiyor,ortaokul,emekli,calismiyor,3
963,universite,emekli,calismiyor,universite,emekli,calismiyor,2
964,ortaokul,emekli,calismiyor,lise,emekli,calismiyor,0
965,universite,hayir,calismiyor,universite,evet,ozel sektor,3
966,ilkokul,evet,ozel sektor,ilkokul,evet,ozel sektor,2
967,universite,evet,kamu,universite,evet,kamu,1
968,lise,evet,ozel sektor,lise,hayir,calismiyor,2
969,ilkokul,hayir,calismiyor,ilkokul,evet,diger,3
970,ilkokul,hayir,calismiyor,Null,evet,ozel sektor,1
971,ilkokul,evet,diger,lise,emekli,calismiyor,3
972,ilkokul,hayir,calismiyor,ilkokul,emekli,calismiyor,2
973,lise,hayir,calismiyor,universite,emekli,calismiyor,1
974,ilkokul,hayir,calismiyor,ilkokul,evet,diger,2
975,ortaokul,hayir,calismiyor,ilkokul,evet,ozel sektor,1
976,universite,evet,kamu,universite,evet,kamu,2
977,ilkokul,hayir,calismiyor,ortaokul,evet,ozel sektor,2
978,ilkokul,hayir,calismiyor,ilkokul,emekli,calismiyor,4
979,ilkokul,hayir,calismiyor,ortaokul,evet,ozel sektor,3
980,lise,hayir,calismiyor,universite,evet,kamu,2
981,ilkokul,hayir,calismiyor,ilkokul,evet,ozel sektor,4
982,ilkokul,hayir,calismiyor,ilkokul,emekli,calismiyor,3
983,ilkokul,emekli,calismiyor,ilkokul,hayir,calismiyor,1
984,ilkokul,evet,ozel sektor,ilkokul,emekli,ozel sektor,4
985,egitimi yok,hayir,calismiyor,ilkokul,hayir,calismiyor,9
986,ilkokul,hayir,calismiyor,ilkokul,emekli,calismiyor,3
987,lise,hayir,calismiyor,ilkokul,evet,ozel sektor,1
988,lise,hayir,calismiyor,lise,emekli,calismiyor,1
989,lise,evet,ozel sektor,universite,emekli,calismiyor,1
990,universite,evet,ozel sektor,universite,evet,ozel sektor,0
991,ortaokul,hayir,calismiyor,ilkokul,emekli,calismiyor,3
992,lise,hayir,calismiyor,lise,emekli,calismiyor,1
993,ilkokul,hayir,calismiyor,universite,emekli,calismiyor,4
994,universite,hayir,calismiyor,universite,emekli,calismiyor,0
995,lise,hayir,calismiyor,universite,evet,ozel sektor,3
996,lise,hayir,calismiyor,lise,evet,ozel sektor,2
997,ilkokul,hayir,calismiyor,ilkokul,evet,diger,1
998,ortaokul,hayir,calismiyor,lise,evet,kamu,4
999,ilkokul,evet,ozel sektor,ilkokul,evet,ozel sektor,1
1000,universite,evet,kamu,universite,evet,kamu,0
