index2,index,Burs Aliyor mu?,Burslu ise Burs Yuzdesi,Baska Bir Kurumdan Burs Aliyor mu?,Burs Aldigi Baska Kurum,Baska Kurumdan Aldigi Burs Miktari
1,1,1,100.0,0,Null,Null
2,2,0,100.0,0,Null,Null
3,3,0,100.0,0,Null,Null
4,4,1,100.0,0,Null,Null
5,5,1,100.0,0,Null,Null
6,6,1,100.0,0,Null,Null
7,7,0,100.0,0,Null,Null
8,8,1,100.0,0,Null,Null
9,9,1,100.0,0,Null,Null
10,10,1,100.0,0,Null,Null
11,11,1,100.0,0,Null,Null
12,12,1,100.0,0,Null,Null
13,13,1,100.0,0,Null,Null
14,14,1,100.0,0,Null,Null
15,15,1,100.0,1,kyk,300
16,16,1,100.0,0,Null,Null
17,17,1,100.0,0,Null,Null
18,18,1,100.0,0,Null,Null
19,19,1,100.0,0,Null,Null
20,20,1,100.0,0,Null,Null
21,21,0,100.0,0,Null,Null
22,22,1,100.0,0,Null,Null
23,23,0,100.0,0,Null,Null
24,24,1,100.0,0,Null,Null
25,25,1,100.0,0,Null,Null
26,26,1,100.0,1,kyk,300
27,27,1,100.0,0,Null,Null
28,28,1,100.0,0,Null,Null
29,29,1,100.0,0,kyk-burs,Null
30,30,1,100.0,0,Null,Null
31,31,0,100.0,0,Null,Null
32,32,1,100.0,0,Null,Null
33,33,1,100.0,1,konlas,150
34,34,1,100.0,0,Null,Null
35,35,1,100.0,1,kyk,300
36,36,1,100.0,1,koc universitesi,430
37,37,1,100.0,1,tev,400
38,38,1,100.0,1,kyk,300
39,39,1,100.0,0,Null,Null
40,40,1,100.0,0,Null,Null
41,41,1,100.0,1,golden coast hotel,250
42,42,1,100.0,0,Null,Null
43,43,1,100.0,0,Null,Null
44,44,0,100.0,0,Null,Null
45,45,1,100.0,0,Null,Null
46,46,1,100.0,0,Null,Null
47,47,1,100.0,0,Null,Null
48,48,1,100.0,0,Null,Null
49,49,0,100.0,0,Null,Null
50,50,0,100.0,0,Null,Null
51,51,1,100.0,0,Null,Null
52,52,1,100.0,0,Null,Null
53,53,1,100.0,1,kyk,300
54,54,1,100.0,0,Null,Null
55,55,1,100.0,0,Null,Null
56,56,1,100.0,0,Null,Null
57,57,1,100.0,0,Null,Null
58,58,1,100.0,0,Null,Null
59,59,1,100.0,0,Null,Null
60,60,0,100.0,0,Null,Null
61,61,1,100.0,0,Null,Null
62,62,0,100.0,0,Null,Null
63,63,1,100.0,0,Null,Null
64,64,1,100.0,0,Null,Null
65,65,0,100.0,0,Null,Null
66,66,1,100.0,0,Null,Null
67,67,0,100.0,0,Null,Null
68,68,1,100.0,0,Null,Null
69,69,1,100.0,0,Null,Null
70,70,1,100.0,1,kyk,300
71,71,1,100.0,1,"kredi ve yurtlar kurumu burs, ozel basari bursu, izmir ekonomi universitesi tarafindan verilen burs",Null
72,72,1,100.0,0,Null,Null
73,73,1,100.0,0,Null,Null
74,74,1,100.0,0,Null,Null
75,75,1,100.0,0,Null,Null
76,76,1,100.0,1,tobb ekonomi ve teknoloji universitesi,850
77,77,1,100.0,0,Null,Null
78,78,1,100.0,0,Null,Null
79,79,1,100.0,1,bahcesehir universitesi,500
80,80,1,100.0,0,Null,Null
81,81,1,100.0,0,Null,Null
82,82,1,100.0,0,Null,Null
83,83,1,100.0,0,Null,Null
84,84,1,100.0,1,krefi yurtlar kurumundan ogrenim kredisi,300
85,85,0,100.0,1,devletten kredi aliyorum,300
86,86,1,100.0,1,bursa ticaret ve sanayi odasi,280
87,87,1,100.0,0,Null,Null
88,88,1,100.0,0,Null,Null
89,89,1,100.0,1,izmir ekonomi universitesi oss basari bursu,430
90,90,1,100.0,0,Null,Null
91,91,1,100.0,0,Null,Null
92,92,1,100.0,0,Null,Null
93,93,1,100.0,0,Null,Null
94,94,1,100.0,1,kyk,300
95,95,1,100.0,1,kyk,300
96,96,1,100.0,0,Null,Null
97,97,1,100.0,0,Null,Null
98,98,1,100.0,0,Null,Null
99,99,1,100.0,0,Null,Null
100,100,1,100.0,0,Null,Null
101,101,1,100.0,0,Null,Null
102,102,1,100.0,0,Null,Null
103,103,1,100.0,0,Null,Null
104,104,1,100.0,0,Null,Null
105,105,1,100.0,0,Null,Null
106,106,1,100.0,0,Null,Null
107,107,0,100.0,0,Null,Null
108,108,1,100.0,0,Null,Null
109,109,1,100.0,0,Null,Null
110,110,1,100.0,0,Null,Null
111,111,1,100.0,0,Null,Null
112,112,0,100.0,0,Null,Null
113,113,1,100.0,1,sabanci universitesi osys giris derecesi bursu,500
114,114,1,100.0,0,Null,Null
115,115,1,100.0,0,Null,Null
116,116,1,100.0,0,Null,Null
117,117,1,100.0,0,Null,Null
118,118,1,100.0,1,tobb ekonomi ve teknoloji universitesi,1000
119,119,1,100.0,0,Null,Null
120,120,1,100.0,1,k.y.k. ustun basari bursu universite sinavlarinda ilk 100 ogrenci arasina girenlere verilen,900
121,121,1,100.0,1,kredi yurtlar kurumu kykdan kredi aliyorum.,300
122,122,1,100.0,0,Null,Null
123,123,0,100.0,0,Null,Null
124,124,1,100.0,0,Null,Null
125,125,1,100.0,1,kyk,300
126,126,1,100.0,0,Null,Null
127,127,1,100.0,0,Null,Null
128,128,1,100.0,0,Null,Null
129,129,1,100.0,0,Null,Null
130,130,1,100.0,0,Null,Null
131,131,1,100.0,0,Null,Null
132,132,1,100.0,0,Null,Null
133,133,1,100.0,0,Null,Null
134,134,0,100.0,0,Null,Null
135,135,1,100.0,1,kyk basbakanlik basari bursu,365
136,136,1,100.0,0,Null,Null
137,137,0,100.0,0,Null,Null
138,138,1,100.0,0,Null,Null
139,139,1,100.0,0,Null,Null
140,140,0,100.0,0,Null,Null
141,141,1,100.0,0,Null,Null
142,142,1,100.0,0,Null,Null
143,143,1,100.0,0,Null,Null
144,144,0,100.0,0,Null,Null
145,145,1,100.0,1,"bahcesehir universitesi basari bursu, kyk kredi",800
146,146,0,100.0,0,Null,Null
147,147,1,100.0,0,Null,Null
148,148,1,100.0,1,okulumdan,850
149,149,1,100.0,0,Null,Null
150,150,1,100.0,0,kyk,Null
151,151,1,100.0,0,Null,Null
152,152,0,100.0,0,Null,Null
153,153,1,100.0,0,Null,Null
154,154,1,100.0,0,Null,Null
155,155,1,100.0,0,Null,Null
156,156,0,100.0,0,Null,Null
157,157,1,100.0,0,Null,Null
158,158,0,100.0,0,Null,Null
159,159,1,100.0,0,Null,Null
160,160,1,100.0,0,Null,Null
161,161,1,100.0,1,gerkav,150
162,162,0,100.0,0,Null,Null
163,163,0,100.0,0,Null,Null
164,164,0,100.0,0,Null,Null
165,165,1,100.0,0,Null,Null
166,166,1,100.0,0,Null,Null
167,167,1,100.0,1,nuh cimento san. a.s.,125
168,168,1,100.0,0,Null,Null
169,169,1,100.0,0,Null,Null
170,170,0,100.0,0,Null,Null
171,171,1,100.0,0,Null,Null
172,172,1,100.0,0,Null,Null
173,173,1,100.0,0,Null,Null
174,174,1,100.0,0,Null,Null
175,175,1,100.0,0,Null,Null
176,176,1,100.0,1,tobb etu,850
177,177,1,100.0,0,Null,Null
178,178,1,100.0,0,Null,Null
179,179,1,100.0,0,Null,Null
180,180,1,100.0,1,ogrenim kredisi,300
181,181,0,100.0,0,Null,Null
182,182,1,100.0,0,Null,Null
183,183,1,100.0,0,Null,Null
184,184,1,100.0,1,kyk,300
185,185,1,100.0,0,Null,Null
186,186,1,100.0,1,ttk,180
187,187,0,100.0,0,Null,Null
188,188,1,100.0,0,Null,Null
189,189,1,100.0,1,canakkale ticaret ve sanayi odasi,260
190,190,1,100.0,1,kyk,300
191,191,0,100.0,0,Null,Null
192,192,1,100.0,1,bilkent universitesi kapsamli burs,425
193,193,1,100.0,0,Null,Null
194,194,1,100.0,1,polis esleri yardimlasma ve dayanisma dernegi,100
195,195,1,100.0,0,Null,Null
196,196,0,100.0,0,Null,Null
197,197,1,100.0,1,ozyegin universitesi,300
198,198,1,100.0,1,t.c. kredi ve yurtlar kurumu,300
199,199,0,100.0,0,Null,Null
200,200,1,100.0,0,Null,Null
201,201,1,100.0,0,Null,Null
202,202,1,100.0,0,Null,Null
203,203,1,100.0,0,Null,Null
204,204,0,100.0,0,Null,Null
205,205,1,100.0,1,kyk,300
206,206,1,100.0,0,Null,Null
207,207,1,100.0,0,Null,Null
208,208,1,100.0,0,Null,Null
209,209,1,100.0,1,kyk,300
210,210,1,100.0,1,kyk geri odemeli kredi,300
211,211,0,100.0,0,Null,Null
212,212,1,100.0,0,Null,Null
213,213,1,100.0,0,Null,Null
214,214,1,100.0,1,kyk,300
215,215,1,100.0,0,Null,Null
216,216,1,100.0,1,kyk,300
217,217,1,100.0,0,Null,Null
218,218,0,100.0,0,Null,Null
219,219,1,100.0,0,Null,Null
220,220,1,100.0,0,Null,Null
221,221,0,100.0,0,Null,Null
222,222,1,100.0,0,Null,Null
223,223,1,100.0,0,Null,Null
224,224,1,100.0,0,Null,Null
225,225,0,100.0,0,kyk ogrenim kredisi,Null
226,226,1,100.0,0,Null,Null
227,227,1,100.0,0,t.c. basbakanlik,900
228,228,0,100.0,0,Null,Null
229,229,1,100.0,1,basbakanlik bursu,300
230,230,1,100.0,0,Null,Null
231,231,1,100.0,0,Null,Null
232,232,1,100.0,0,Null,Null
233,233,0,100.0,0,Null,Null
234,234,1,100.0,0,Null,Null
235,235,1,100.0,0,Null,Null
236,236,1,100.0,0,Null,Null
237,237,1,100.0,0,Null,Null
238,238,0,100.0,1,basbakanlik,300
239,239,1,100.0,0,Null,Null
240,240,1,100.0,0,Null,Null
241,241,1,100.0,0,Null,Null
242,242,1,100.0,0,Null,Null
243,243,1,100.0,0,kredi ve yurtlar kurumundan geri odemeliogrenim kredisim,300
244,244,1,100.0,0,Null,Null
245,245,1,100.0,1,kyk,300
246,246,0,100.0,0,Null,Null
247,247,1,100.0,0,Null,Null
248,248,1,100.0,0,Null,Null
249,249,1,100.0,0,Null,Null
250,250,0,100.0,0,Null,Null
251,251,1,100.0,0,Null,Null
252,252,0,100.0,0,Null,Null
253,253,1,100.0,0,Null,Null
254,254,1,100.0,0,Null,Null
255,255,0,100.0,0,Null,Null
256,256,1,100.0,0,Null,Null
257,257,1,100.0,1,kyk,300
258,258,1,100.0,0,Null,Null
259,259,1,100.0,0,Null,Null
260,260,1,100.0,0,Null,Null
261,261,0,100.0,0,Null,Null
262,262,1,100.0,0,Null,Null
263,263,0,100.0,0,Null,Null
264,264,1,100.0,0,Null,Null
265,265,1,100.0,0,Null,Null
266,266,1,100.0,0,Null,Null
267,267,1,100.0,0,Null,Null
268,268,1,100.0,0,Null,Null
269,269,1,100.0,0,Null,Null
270,270,1,100.0,0,Null,Null
271,271,1,100.0,0,Null,Null
272,272,1,100.0,0,Null,Null
273,273,1,100.0,0,Null,Null
274,274,1,100.0,0,Null,Null
275,275,1,100.0,0,Null,Null
276,276,1,100.0,0,Null,Null
277,277,1,100.0,0,Null,Null
278,278,1,100.0,0,Null,Null
279,279,1,100.0,0,Null,Null
280,280,1,100.0,1,okuldan,250
281,281,1,100.0,0,Null,Null
282,282,1,100.0,0,Null,Null
283,283,1,100.0,0,Null,Null
284,284,1,100.0,0,Null,Null
285,285,1,100.0,1,basbakanlik kyk,900
286,286,1,100.0,0,Null,Null
287,287,1,100.0,0,Null,Null
288,288,1,100.0,1,mado,150
289,289,1,100.0,0,Null,Null
290,290,1,100.0,0,Null,Null
291,291,1,100.0,0,Null,Null
292,292,0,100.0,0,kyk-burs,Null
293,293,1,100.0,0,Null,Null
294,294,1,100.0,1,kendi universitemden derece bursu aliyorum,400
295,295,0,100.0,0,Null,Null
296,296,1,100.0,0,Null,Null
297,297,1,100.0,0,Null,Null
298,298,1,100.0,0,Null,Null
299,299,1,100.0,0,Null,Null
300,300,1,100.0,1,kyk ve bilkent,800
301,301,1,100.0,0,Null,Null
302,302,1,100.0,0,Null,Null
303,303,0,100.0,0,Null,Null
304,304,1,100.0,0,Null,Null
305,305,1,100.0,0,kyk ogrenim kredisi,Null
306,306,1,100.0,1,kyk,300
307,307,1,100.0,1,tc basbakanlik,300
308,308,1,100.0,0,Null,Null
309,309,1,100.0,0,Null,Null
310,310,1,100.0,0,Null,Null
311,311,1,100.0,0,Null,Null
312,312,1,100.0,0,Null,Null
313,313,1,100.0,0,Null,Null
314,314,1,100.0,0,Null,Null
315,315,1,100.0,0,Null,Null
316,316,1,100.0,0,Null,Null
317,317,1,100.0,0,Null,Null
318,318,1,100.0,0,Null,Null
319,319,1,100.0,0,Null,Null
320,320,1,100.0,0,Null,Null
321,321,1,100.0,0,Null,Null
322,322,1,100.0,0,Null,Null
323,323,1,100.0,0,Null,Null
324,324,1,100.0,0,Null,Null
325,325,1,100.0,0,Null,Null
326,326,1,100.0,0,Null,Null
327,327,1,100.0,0,Null,Null
328,328,1,100.0,0,Null,Null
329,329,1,100.0,0,Null,Null
330,330,1,100.0,0,Null,Null
331,331,1,100.0,0,Null,Null
332,332,1,100.0,1,kyk,300
333,333,1,100.0,0,Null,Null
334,334,1,100.0,0,Null,Null
335,335,1,100.0,1,uluslararasi nakliyeciler dernegi,280
336,336,1,100.0,0,Null,Null
337,337,1,100.0,1,kyk,300
338,338,1,100.0,0,Null,Null
339,339,1,100.0,1,ilk 10.000 girdigim icin okulumdan 300 tl nakit burs,300
340,340,1,100.0,1,sabanci universitesi,400
341,341,1,100.0,0,Null,Null
342,342,1,100.0,0,Null,Null
343,343,1,100.0,0,Null,Null
344,344,1,100.0,0,Null,Null
345,345,1,100.0,0,Null,Null
346,346,1,100.0,0,Null,Null
347,347,1,100.0,1,kordsa,200
348,348,1,100.0,0,Null,Null
349,349,0,100.0,0,Null,Null
350,350,1,100.0,0,Null,Null
351,351,0,100.0,0,Null,Null
352,352,1,100.0,0,Null,Null
353,353,1,100.0,1,koc universitesi,430
354,354,0,100.0,0,Null,Null
355,355,1,100.0,0,Null,Null
356,356,1,100.0,0,Null,Null
357,357,0,100.0,0,Null,Null
358,358,1,100.0,0,Null,Null
359,359,0,100.0,0,Null,Null
360,360,1,100.0,0,Null,Null
361,361,1,100.0,0,Null,Null
362,362,1,100.0,0,Null,Null
363,363,1,100.0,0,Null,Null
364,364,1,100.0,1,kyk,300
365,365,1,100.0,1,bilkent universitesi bursu- kyk bursu,800
366,366,1,100.0,0,Null,Null
367,367,1,100.0,0,Null,Null
368,368,1,100.0,0,Null,Null
369,369,1,100.0,0,Null,Null
370,370,1,100.0,0,Null,Null
371,371,1,100.0,0,Null,Null
372,372,1,100.0,0,Null,Null
373,373,0,100.0,0,Null,Null
374,374,1,100.0,1,kyk,300
375,375,1,100.0,1,kyk,300
376,376,1,100.0,0,Null,Null
377,377,1,100.0,0,Null,Null
378,378,1,100.0,0,Null,Null
379,379,1,100.0,0,Null,Null
380,380,1,100.0,0,Null,Null
381,381,1,100.0,0,Null,Null
382,382,1,100.0,1,sinpas gyo,250
383,383,0,100.0,0,Null,Null
384,384,1,100.0,0,Null,Null
385,385,1,100.0,1,tobb ekonomi ve teknoloji universitesi,400
386,386,1,100.0,1,tobb ekonomi ve teknoloji universitesi,400
387,387,1,100.0,0,Null,Null
388,388,1,100.0,0,Null,Null
389,389,1,100.0,0,Null,Null
390,390,1,100.0,1,kredi yutrlar krumundan geri odemesiz burs aliyorum,300
391,391,1,100.0,0,Null,Null
392,392,1,100.0,0,Null,Null
393,393,1,100.0,0,Null,Null
394,394,1,100.0,0,Null,Null
395,395,1,100.0,0,Null,Null
396,396,0,100.0,0,Null,Null
397,397,1,100.0,0,Null,Null
398,398,1,100.0,0,Null,Null
399,399,1,100.0,0,Null,Null
400,400,1,100.0,0,eti,325
401,401,1,100.0,0,Null,Null
402,402,0,100.0,0,Null,Null
403,403,1,100.0,0,Null,Null
404,404,1,100.0,0,Null,Null
405,405,1,100.0,1,kyk ustun basari bursu,900
406,406,0,100.0,0,Null,Null
407,407,1,100.0,0,Null,Null
408,408,1,100.0,1,kyk,300
409,409,1,100.0,0,Null,Null
410,410,1,100.0,0,Null,Null
411,411,1,100.0,0,Null,Null
412,412,1,100.0,1,kredi yurtlar kurumu basbakanlik kurumu,300
413,413,1,100.0,0,Null,Null
414,414,0,100.0,0,Null,Null
415,415,1,100.0,1,izmir ekonomi universitesi izmir ekonomi universitesinde tam burslu olarak okuyan tum ogrencilere verilen burs,400
416,416,1,100.0,0,Null,Null
417,417,1,100.0,0,Null,Null
418,418,1,100.0,1,istek vakfi,275
419,419,0,100.0,0,Null,Null
420,420,1,100.0,0,Null,Null
421,421,0,100.0,0,Null,Null
422,422,1,100.0,0,Null,Null
423,423,1,100.0,0,Null,Null
424,424,1,100.0,0,Null,Null
425,425,1,100.0,1,basbakanlik bursu,300
426,426,1,100.0,0,Null,Null
427,427,1,100.0,0,Null,Null
428,428,1,100.0,0,Null,Null
429,429,1,100.0,0,Null,Null
430,430,1,100.0,0,Null,Null
431,431,1,100.0,1,kyk,300
432,432,1,100.0,1,koc universitesi,600
433,433,1,100.0,1,kyk,300
434,434,1,100.0,0,Null,Null
435,435,0,100.0,0,Null,Null
436,436,1,100.0,0,Null,Null
437,437,0,100.0,0,Null,Null
438,438,1,100.0,0,Null,Null
439,439,1,100.0,0,Null,Null
440,440,1,100.0,0,Null,Null
441,441,1,100.0,0,Null,Null
442,442,1,100.0,0,Null,Null
443,443,1,100.0,0,Null,Null
444,444,1,100.0,0,Null,Null
445,445,1,100.0,0,Null,Null
446,446,1,100.0,0,Null,Null
447,447,1,100.0,0,Null,Null
448,448,0,100.0,1,isik universitesi ve kyk,800
449,449,1,100.0,1,sabanci universitesinin osym ile okula yerlesen her tam burslu ogrencisine verdigi basari bursunu aliyorum.,500
450,450,1,100.0,0,Null,Null
451,451,1,100.0,1,t.c kredi ve yurtlar kurumu,300
452,452,1,100.0,0,Null,Null
453,453,1,100.0,0,Null,Null
454,454,1,100.0,0,Null,Null
455,455,1,100.0,1,kyk,300
456,456,1,100.0,1,tobb etu,1000
457,457,1,100.0,1,basbakanlik,300
458,458,1,100.0,0,Null,Null
459,459,0,100.0,0,Null,Null
460,460,1,100.0,0,Null,Null
461,461,1,100.0,0,Null,Null
462,462,1,100.0,0,Null,Null
463,463,1,100.0,0,Null,Null
464,464,1,100.0,0,Null,Null
465,465,1,100.0,1,kyk,300
466,466,1,100.0,0,Null,Null
467,467,1,100.0,1,kyk,365
468,468,1,100.0,0,Null,Null
469,469,1,100.0,0,Null,Null
470,470,0,100.0,0,Null,Null
471,471,1,100.0,0,Null,Null
472,472,1,100.0,1,kyk,300
473,473,1,100.0,0,Null,Null
474,474,1,100.0,1,kyk ogrenim kredisi,300
475,475,1,100.0,0,Null,Null
476,476,1,100.0,0,Null,Null
477,477,1,100.0,1,kyk,300
478,478,0,100.0,0,Null,Null
479,479,1,100.0,0,Null,Null
480,480,0,100.0,0,Null,Null
481,481,0,100.0,0,Null,Null
482,482,1,100.0,0,Null,Null
483,483,0,100.0,0,Null,Null
484,484,1,100.0,0,Null,Null
485,485,1,100.0,0,Null,Null
486,486,1,100.0,0,Null,Null
487,487,1,100.0,0,Null,Null
488,488,1,100.0,0,Null,Null
489,489,0,100.0,0,Null,Null
490,490,0,100.0,0,Null,Null
491,491,1,100.0,0,Null,Null
492,492,1,100.0,1,kredili yurtlar kurumu kyk,300
493,493,1,100.0,0,Null,Null
494,494,1,100.0,0,Null,Null
495,495,1,100.0,1,ihsan dogramaci bilkent universitesi kapsamli burs,475
496,496,1,100.0,0,Null,Null
497,497,1,100.0,0,Null,Null
498,498,1,100.0,0,Null,Null
499,499,1,100.0,0,Null,Null
500,500,1,100.0,0,Null,Null
501,501,1,100.0,0,Null,Null
502,502,1,100.0,0,Null,Null
503,503,1,100.0,0,Null,Null
504,504,1,100.0,0,Null,Null
505,505,1,100.0,0,Null,Null
506,506,1,100.0,1,kendi universitemdentobb etu yasam katki payi adi altinda,400
507,507,1,100.0,0,Null,Null
508,508,1,100.0,0,Null,Null
509,509,1,100.0,0,Null,Null
510,510,1,100.0,0,Null,Null
511,511,1,100.0,1,basbakanlik bursu,300
512,512,1,100.0,0,Null,Null
513,513,0,100.0,0,Null,Null
514,514,1,100.0,0,Null,Null
515,515,1,100.0,1,basbakanlik bursu -devlet,300
516,516,1,100.0,0,Null,Null
517,517,1,100.0,0,Null,Null
518,518,1,100.0,0,Null,Null
519,519,1,100.0,0,Null,Null
520,520,0,100.0,0,Null,Null
521,521,1,100.0,1,bilkent universitesi,675
522,522,1,100.0,0,Null,Null
523,523,1,100.0,1,kyk,300
524,524,1,100.0,0,Null,Null
525,525,0,100.0,0,Null,Null
526,526,1,100.0,0,Null,Null
527,527,0,100.0,0,Null,Null
528,528,0,100.0,0,Null,Null
529,529,1,100.0,0,Null,Null
530,530,1,100.0,0,Null,Null
531,531,1,100.0,1,kredili yurtlar kurumukyk,300
532,532,1,100.0,0,Null,Null
533,533,1,100.0,0,Null,Null
534,534,1,100.0,0,Null,Null
535,535,1,100.0,0,Null,Null
536,536,1,100.0,0,Null,Null
537,537,1,100.0,0,Null,Null
538,538,1,100.0,1,kyk,300
539,539,1,100.0,1,kyk,300
540,540,1,100.0,0,Null,Null
541,541,1,100.0,0,Null,Null
542,542,1,100.0,0,Null,Null
543,543,0,100.0,0,Null,Null
544,544,1,100.0,0,Null,Null
545,545,0,100.0,0,Null,Null
546,546,1,100.0,0,Null,Null
547,547,1,100.0,0,Null,Null
548,548,1,100.0,0,Null,Null
549,549,1,100.0,0,Null,Null
550,550,1,100.0,1,kyk,300
551,551,1,100.0,1,devlet,300
552,552,0,100.0,0,Null,Null
553,553,0,100.0,0,Null,Null
554,554,1,100.0,0,Null,Null
555,555,1,100.0,0,Null,Null
556,556,1,100.0,0,Null,Null
557,557,1,100.0,0,Null,Null
558,558,1,100.0,0,Null,Null
559,559,1,100.0,0,Null,Null
560,560,0,100.0,0,Null,Null
561,561,1,100.0,1,obss,300
562,562,1,100.0,0,Null,Null
563,563,1,100.0,0,Null,Null
564,564,0,100.0,0,Null,Null
565,565,0,100.0,0,Null,Null
566,566,1,100.0,1,kyk,300
567,567,0,100.0,0,Null,Null
568,568,1,100.0,0,Null,Null
569,569,1,100.0,0,Null,Null
570,570,1,100.0,0,Null,Null
571,571,1,100.0,0,Null,Null
572,572,1,100.0,0,Null,Null
573,573,1,100.0,0,Null,Null
574,574,1,100.0,0,Null,Null
575,575,1,100.0,0,Null,Null
576,576,0,100.0,0,Null,Null
577,577,0,100.0,0,Null,Null
578,578,0,100.0,0,Null,Null
579,579,1,100.0,1,kyk,300
580,580,1,100.0,0,Null,Null
581,581,1,100.0,0,Null,Null
582,582,1,100.0,0,Null,Null
583,583,1,100.0,1,metin - nuran cakallikli kultu ve egitim vakfi,200
584,584,1,100.0,1,kyk kredi aliyorum.,300
585,585,0,100.0,0,Null,Null
586,586,1,100.0,0,Null,Null
587,587,1,100.0,0,Null,Null
588,588,1,100.0,1,kyk,300
589,589,1,100.0,0,Null,Null
590,590,1,100.0,0,Null,Null
591,591,1,100.0,1,kyk basari bursu ve sabanci universitesi onur bursu,700
592,592,1,100.0,0,Null,Null
593,593,1,100.0,0,Null,Null
594,594,1,100.0,0,Null,Null
595,595,0,100.0,0,Null,Null
596,596,1,100.0,0,Null,Null
597,597,1,100.0,1,yok bursu,750
598,598,0,100.0,0,Null,Null
599,599,1,100.0,0,Null,Null
600,600,0,100.0,0,Null,Null
601,601,0,100.0,0,Null,Null
602,602,1,100.0,1,devlet,300
603,603,0,100.0,0,Null,Null
604,604,1,100.0,0,Null,Null
605,605,1,100.0,0,Null,Null
606,606,1,100.0,0,Null,Null
607,607,1,100.0,1,kyk,330
608,608,1,100.0,0,Null,Null
609,609,1,100.0,0,Null,Null
610,610,0,100.0,0,Null,Null
611,611,1,100.0,1,kyk,330
612,612,1,100.0,0,Null,Null
613,613,1,100.0,0,Null,Null
614,614,1,100.0,0,Null,Null
615,615,0,100.0,0,Null,Null
616,616,0,100.0,0,Null,Null
617,617,1,100.0,0,Null,Null
618,618,1,100.0,0,Null,Null
619,619,1,100.0,0,Null,Null
620,620,1,100.0,0,Null,Null
621,621,0,100.0,0,Null,Null
622,622,1,100.0,0,Null,Null
623,623,1,100.0,0,Null,Null
624,624,1,100.0,0,Null,Null
625,625,0,100.0,0,Null,Null
626,626,1,100.0,0,Null,Null
627,627,1,100.0,0,Null,Null
628,628,1,100.0,0,Null,Null
629,629,1,100.0,0,Null,Null
630,630,1,100.0,1,universite,490
631,631,1,100.0,1,basbakanlik kredi,320
632,632,1,100.0,1,bilkent universitesi,560
633,633,1,100.0,0,Null,Null
634,634,0,100.0,0,Null,Null
635,635,1,100.0,0,Null,Null
636,636,1,100.0,0,Null,Null
637,637,1,100.0,0,Null,Null
638,638,1,100.0,0,Null,Null
639,639,1,100.0,0,Null,Null
640,640,1,100.0,0,Null,Null
641,641,1,100.0,0,Null,Null
642,642,1,100.0,0,Null,Null
643,643,1,100.0,1,uluslararasi antalya universitesi,Null
644,644,1,100.0,1,bilkent universitesiilk 500 de oldugum icin,500
645,645,1,100.0,0,Null,Null
646,646,1,100.0,0,Null,Null
647,647,1,100.0,0,Null,Null
648,648,1,100.0,1,koc universitesi anadolu bursiyerleri programi,600
649,649,1,100.0,0,Null,Null
650,650,1,100.0,0,Null,Null
651,651,1,100.0,1,kendi okulumdan egitim bursu aliyorum,430
652,652,1,100.0,0,Null,Null
653,653,1,100.0,0,bilkent universitesi,560
654,654,1,100.0,0,Null,Null
655,655,0,100.0,0,Null,Null
656,656,1,100.0,0,Null,Null
657,657,1,100.0,0,Null,Null
658,658,1,100.0,0,Null,Null
659,659,1,100.0,1,cagdas yasami destekleme dernegi,150
660,660,1,100.0,0,Null,Null
661,661,1,100.0,0,Null,Null
662,662,0,100.0,0,Null,Null
663,663,1,100.0,0,Null,Null
664,664,1,100.0,0,Null,Null
665,665,1,100.0,0,Null,Null
666,666,1,100.0,0,Null,Null
667,667,1,100.0,0,Null,Null
668,668,1,100.0,1,turkiye olimpik hazirlik merkezi universiteyide milli sporcu bursuyla tam burslu okuyorum,350
669,669,0,100.0,0,Null,Null
670,670,1,100.0,0,Null,Null
671,671,1,100.0,0,Null,Null
672,672,1,100.0,0,Null,Null
673,673,1,100.0,0,Null,Null
674,674,1,100.0,0,Null,Null
675,675,1,100.0,1,tobb ekonomi ve teknoloji universitesi,850
676,676,1,100.0,1,koc universitesinden ilk 300 bursu,600
677,677,1,100.0,0,Null,Null
678,678,1,100.0,1,istanbul ticaret odasi,300
679,679,1,100.0,1,t.c. ihsan dogramaci bilkent universitesi,720
680,680,1,100.0,0,Null,Null
681,681,1,100.0,0,Null,Null
682,682,1,100.0,0,Null,Null
683,683,1,100.0,0,Null,Null
684,684,1,100.0,0,Null,Null
685,685,1,100.0,0,Null,Null
686,686,0,100.0,0,Null,Null
687,687,1,100.0,1,kendi okulumdan basari bursu aliyorum.,400
688,688,1,100.0,0,Null,Null
689,689,1,100.0,1,sabanci universitesi,500
690,690,1,100.0,0,Null,Null
691,691,1,100.0,0,Null,Null
692,692,1,100.0,0,Null,Null
693,693,1,100.0,1,koc universitesi,475
694,694,1,100.0,0,Null,Null
695,695,0,100.0,0,Null,Null
696,696,0,100.0,0,Null,Null
697,697,1,100.0,0,Null,Null
698,698,1,100.0,0,Null,Null
699,699,1,100.0,0,Null,Null
700,700,1,100.0,0,Null,Null
701,701,1,100.0,0,Null,Null
702,702,1,100.0,0,Null,Null
703,703,1,100.0,0,Null,Null
704,704,1,100.0,0,Null,Null
705,705,0,100.0,0,Null,Null
706,706,1,100.0,0,Null,Null
707,707,1,100.0,0,Null,Null
708,708,1,100.0,0,Null,Null
709,709,1,100.0,0,Null,Null
710,710,0,100.0,0,Null,Null
711,711,1,100.0,0,Null,Null
712,712,1,100.0,0,Null,Null
713,713,1,100.0,1,kyk,330
714,714,1,100.0,0,Null,Null
715,715,1,100.0,0,Null,Null
716,716,1,100.0,0,Null,Null
717,717,1,100.0,1,fatih universitesi akademik basari bursu 1 donemlik,250
718,718,1,100.0,1,kyk,300
719,719,1,100.0,0,Null,Null
720,720,1,100.0,0,Null,Null
721,721,1,100.0,0,Null,Null
722,722,1,100.0,0,Null,Null
723,723,1,100.0,0,Null,Null
724,724,0,100.0,0,Null,Null
725,725,1,100.0,1,celik ihracatcilari birligi,350
726,726,1,100.0,0,Null,Null
727,727,1,100.0,0,Null,Null
728,728,1,100.0,1,tobb ekonomi ve teknoloji universitesi,400
729,729,1,100.0,0,Null,Null
730,730,1,100.0,0,Null,Null
731,731,0,100.0,0,Null,Null
732,732,1,100.0,1,ataturkcu dusunce dernegi bornova subesi - haziran ayinda sonlanacak.,150
733,733,1,100.0,0,Null,Null
734,734,1,100.0,0,Null,Null
735,735,0,100.0,0,Null,Null
736,736,1,100.0,0,Null,Null
737,737,1,100.0,0,Null,Null
738,738,1,100.0,0,Null,Null
739,739,1,100.0,0,Null,Null
740,740,1,100.0,0,Null,Null
741,741,1,100.0,0,Null,Null
742,742,0,100.0,0,Null,Null
743,743,1,100.0,0,Null,Null
744,744,1,100.0,0,Null,Null
745,745,1,100.0,0,Null,Null
746,746,1,100.0,0,Null,Null
747,747,1,100.0,1,amasya vakfi,100
748,748,1,100.0,1,ito,300
749,749,1,100.0,1,ozyegin universitesi,300
750,750,1,100.0,0,Null,Null
751,751,1,100.0,0,Null,Null
752,752,1,100.0,0,Null,Null
753,753,0,100.0,0,Null,Null
754,754,0,100.0,0,Null,Null
755,755,1,100.0,1,kyk,350
756,756,1,100.0,0,Null,Null
757,757,1,100.0,1,koc universitesi,600
758,758,1,100.0,0,Null,Null
759,759,1,100.0,0,Null,Null
760,760,1,100.0,0,Null,Null
761,761,1,100.0,0,Null,Null
762,762,1,100.0,0,Null,Null
763,763,1,100.0,0,Null,Null
764,764,1,100.0,0,Null,Null
765,765,1,100.0,1,bilkent universitesi,590
766,766,1,100.0,0,Null,Null
767,767,1,100.0,0,Null,Null
768,768,1,100.0,0,Null,Null
769,769,1,100.0,0,Null,Null
770,770,1,100.0,0,Null,Null
771,771,1,100.0,0,Null,Null
772,772,1,100.0,0,Null,Null
773,773,1,100.0,0,Null,Null
774,774,1,100.0,1,tobb ekonomi ve teknoloji universitesi yasam katki payi,1000
775,775,1,100.0,0,Null,Null
776,776,1,100.0,0,Null,Null
777,777,1,100.0,0,Null,Null
778,778,1,100.0,0,Null,Null
779,779,1,100.0,0,Null,Null
780,780,1,100.0,0,Null,Null
781,781,1,100.0,0,Null,Null
782,782,0,100.0,0,Null,Null
783,783,1,100.0,0,Null,Null
784,784,1,100.0,0,Null,Null
785,785,1,100.0,0,Null,Null
786,786,0,100.0,0,Null,Null
787,787,1,100.0,0,Null,Null
788,788,1,100.0,0,Null,Null
789,789,1,100.0,0,Null,Null
790,790,1,100.0,1,istek vakfi,300
791,791,1,100.0,0,Null,Null
792,792,1,100.0,0,Null,Null
793,793,1,100.0,1,bilkent universitesi,490
794,794,0,100.0,0,Null,Null
795,795,0,100.0,0,Null,Null
796,796,1,100.0,1,ihsan dogramaci bilkent universitesi,490
797,797,1,100.0,0,Null,Null
798,798,1,100.0,0,Null,Null
799,799,1,100.0,0,Null,Null
800,800,0,100.0,0,Null,Null
801,801,0,100.0,0,Null,Null
802,802,1,100.0,0,Null,Null
803,803,1,100.0,0,Null,Null
804,804,1,100.0,0,Null,Null
805,805,1,100.0,0,Null,Null
806,806,1,100.0,0,Null,Null
807,807,1,100.0,1,basbakanlik bursu-tev ustun basari bursu,1990
808,808,1,100.0,0,Null,Null
809,809,1,100.0,0,Null,Null
810,810,0,100.0,0,Null,Null
811,811,1,100.0,1,koc universitesi,475
812,812,1,100.0,0,Null,Null
813,813,1,100.0,1,bilkent universitekapsamli burs programi,560
814,814,1,100.0,1,koc universitesinden,600
815,815,1,100.0,1,mado,150
816,816,1,100.0,0,Null,Null
817,817,0,100.0,0,Null,Null
818,818,1,100.0,1,koc universitesi,600
819,819,1,100.0,0,Null,Null
820,820,1,100.0,0,Null,Null
821,821,1,100.0,0,Null,Null
822,822,1,100.0,0,Null,Null
823,823,1,100.0,0,Null,Null
824,824,1,100.0,0,Null,Null
825,825,1,100.0,0,Null,Null
826,826,1,100.0,0,Null,Null
827,827,1,100.0,0,Null,Null
828,828,1,100.0,0,Null,Null
829,829,0,100.0,0,Null,Null
830,830,1,100.0,0,Null,Null
831,831,1,100.0,0,Null,Null
832,832,1,100.0,0,Null,Null
833,833,1,100.0,0,Null,Null
834,834,1,100.0,0,Null,Null
835,835,1,100.0,0,Null,Null
836,836,1,100.0,0,Null,Null
837,837,1,100.0,0,Null,Null
838,838,1,100.0,0,Null,Null
839,839,1,100.0,0,Null,Null
840,840,1,100.0,0,Null,Null
841,841,1,100.0,0,sabanci universitesi,400
842,842,1,100.0,0,Null,Null
843,843,1,100.0,0,Null,Null
844,844,1,100.0,0,Null,Null
845,845,1,100.0,0,Null,Null
846,846,1,100.0,0,Null,Null
847,847,0,100.0,0,Null,Null
848,848,1,100.0,0,Null,Null
849,849,1,100.0,0,Null,Null
850,850,1,100.0,0,Null,Null
851,851,1,100.0,0,Null,Null
852,852,1,100.0,0,Null,Null
853,853,1,100.0,0,Null,Null
854,854,1,100.0,1,ozyegin vakfi,300
855,855,1,100.0,1,universite,750
856,856,1,100.0,0,Null,Null
857,857,1,100.0,0,Null,Null
858,858,0,100.0,0,Null,Null
859,859,1,100.0,0,Null,Null
860,860,0,100.0,0,Null,Null
861,861,1,100.0,0,Null,Null
862,862,1,100.0,0,Null,Null
863,863,1,100.0,0,Null,Null
864,864,1,100.0,0,Null,Null
865,865,1,100.0,0,Null,Null
866,866,1,100.0,0,Null,Null
867,867,1,100.0,1,bursa gazeteciler cemiyeti,180
868,868,1,100.0,0,Null,Null
869,869,1,100.0,1,bahcesehir universitesi,500
870,870,1,100.0,0,Null,Null
871,871,1,100.0,0,Null,Null
872,872,1,100.0,0,Null,Null
873,873,0,100.0,0,Null,Null
874,874,1,100.0,0,Null,Null
875,875,1,100.0,0,Null,Null
876,876,1,100.0,0,Null,Null
877,877,1,100.0,0,Null,Null
878,878,1,100.0,0,Null,Null
879,879,1,100.0,0,Null,Null
880,880,1,100.0,0,Null,Null
881,881,1,100.0,1,ihsan dogramaci bilkent universitesi,560
882,882,1,100.0,0,Null,Null
883,883,1,100.0,0,Null,Null
884,884,0,100.0,0,Null,Null
885,885,1,100.0,0,Null,Null
886,886,1,100.0,0,Null,Null
887,887,1,100.0,0,Null,Null
888,888,1,100.0,0,Null,Null
889,889,0,100.0,0,Null,Null
890,890,0,100.0,0,Null,Null
891,891,0,100.0,0,Null,Null
892,892,0,100.0,0,Null,Null
893,893,1,100.0,0,Null,Null
894,894,1,100.0,0,Null,Null
895,895,0,100.0,0,Null,Null
896,896,1,100.0,0,Null,Null
897,897,1,100.0,0,Null,Null
898,898,1,100.0,0,Null,Null
899,899,1,100.0,0,Null,Null
900,900,1,100.0,0,Null,Null
901,901,1,100.0,0,Null,Null
902,902,1,100.0,0,Null,Null
903,903,1,100.0,0,Null,Null
904,904,1,100.0,0,Null,Null
905,905,1,100.0,0,Null,Null
906,906,1,100.0,1,galatasaray egitim vakfi bursu,300
907,907,1,100.0,0,Null,Null
908,908,1,100.0,0,Null,Null
909,909,1,100.0,0,yayma,Null
910,910,1,100.0,1,muratpasa belediyesi,150
911,911,1,100.0,0,Null,Null
912,912,1,100.0,0,Null,Null
913,913,0,100.0,0,Null,Null
914,914,1,100.0,0,Null,Null
915,915,1,100.0,0,Null,Null
916,916,1,100.0,0,Null,Null
917,917,1,100.0,0,Null,Null
918,918,1,100.0,0,Null,Null
919,919,1,100.0,0,Null,Null
920,920,1,100.0,0,Null,Null
921,921,1,100.0,0,Null,Null
922,922,1,100.0,0,Null,Null
923,923,1,100.0,1,bahcesehir universitesi,600
924,924,1,100.0,0,Null,Null
925,925,1,100.0,0,Null,Null
926,926,0,100.0,0,Null,Null
927,927,1,100.0,1,boydak egitim ve ogrenim vakfi,200
928,928,1,100.0,0,Null,Null
929,929,1,100.0,0,Null,Null
930,930,0,100.0,0,Null,Null
931,931,0,100.0,0,Null,Null
932,932,1,100.0,0,Null,Null
933,933,1,100.0,0,Null,Null
934,934,1,100.0,1,ozyegin universitesi,330
935,935,1,100.0,0,Null,Null
936,936,0,100.0,0,Null,Null
937,937,1,100.0,0,Null,Null
938,938,1,100.0,0,Null,Null
939,939,0,100.0,0,Null,Null
940,940,1,100.0,0,Null,Null
941,941,1,100.0,0,Null,Null
942,942,1,100.0,0,Null,Null
943,943,1,100.0,0,Null,Null
944,944,1,100.0,0,Null,Null
945,945,1,100.0,0,Null,Null
946,946,0,100.0,0,Null,Null
947,947,1,100.0,1,bilkent universitesi,560
948,948,1,100.0,0,Null,Null
949,949,1,100.0,0,Null,Null
950,950,1,100.0,0,Null,Null
951,951,1,100.0,1,"kendi universitemden, giris bursu+1. oldugum yarismadan.",1860
952,952,1,100.0,0,Null,Null
953,953,1,100.0,1,tubitak,750
954,954,1,100.0,0,Null,Null
955,955,1,100.0,0,Null,Null
956,956,1,100.0,0,Null,Null
957,957,1,100.0,1,kyk,330
958,958,1,100.0,1,yeditepe universitesi,500
959,959,1,100.0,0,yeditepe universitesi,750
960,960,1,100.0,0,Null,Null
961,961,0,100.0,0,Null,Null
962,962,1,100.0,0,Null,Null
963,963,1,100.0,0,Null,Null
964,964,1,100.0,0,Null,Null
965,965,0,100.0,0,Null,Null
966,966,1,100.0,0,Null,Null
967,967,1,100.0,0,Null,Null
968,968,1,100.0,0,Null,Null
969,969,1,100.0,0,Null,Null
970,970,1,100.0,0,Null,Null
971,971,0,100.0,0,Null,Null
972,972,0,100.0,0,Null,Null
973,973,1,100.0,0,Null,Null
974,974,1,100.0,0,Null,Null
975,975,1,100.0,0,Null,Null
976,976,1,100.0,0,Null,Null
977,977,1,100.0,0,Null,Null
978,978,1,100.0,0,Null,Null
979,979,0,100.0,0,Null,Null
980,980,1,100.0,1,yeditepe universitesi,250
981,981,1,100.0,0,Null,Null
982,982,1,100.0,0,Null,Null
983,983,1,100.0,0,Null,Null
984,984,0,100.0,0,Null,Null
985,985,1,100.0,0,Null,Null
986,986,1,100.0,1,fatih sultan mehmet vakif universitesi ustun akademik basari bursu,300
987,987,1,100.0,0,Null,Null
988,988,1,100.0,0,Null,Null
989,989,1,100.0,1,ihsan dogramaci bilkent universitesi,560
990,990,1,100.0,0,Null,Null
991,991,1,100.0,1,adana ticaret odasi,100
992,992,0,100.0,0,Null,Null
993,993,1,100.0,1,ihsan dogramaci vakfi,560
994,994,1,100.0,0,Null,Null
995,995,0,100.0,0,Null,Null
996,996,0,100.0,0,Null,Null
997,997,1,100.0,1,cankaya universitesi basari bursu,535
998,998,1,100.0,0,Null,Null
999,999,1,100.0,0,Null,Null
1000,1000,1,100.0,0,Null,Null
