index,index1,index2,Bölüm,Universite Kacinci Sinif,Universite Not Ortalamasi,Daha Once Baska Bir Universiteden Mezun Olmus,"Daha Önceden Mezun Olunduysa, Mezun Olunan Üniversite"
1,1,1,bilgisayar muhendisligi,3,3.0-3.5,0,Null
2,2,2,elektrik elektronik muhendisligi,3,2.5-3.0,0,Null
3,3,3,finans yonetimi ve pazarlama,1,Null,0,Null
4,4,4,bilgisayar muhendisligi,3,2.5-3.0,0,Null
5,5,5,siyaset bilimi ve uluslararasi iliskiler,Null,2.5-3.0,0,Null
6,6,6,bankacilik ve finans,3,3.0-3.5,0,Null
7,7,7,hukuk,2,2.5-3.0,0,Null
8,8,8,bilgisayar muhendisligi,1,2.5-3.0,0,Null
9,9,9,sinema-tv,2,0.0-2.5,0,Null
10,10,10,bilgisayar muhendisligi,4,3.0-3.5,0,Null
11,11,11,siyaset bilimi ve kamu yonetimi,1,Null,0,Null
12,12,12,computer engineering,3,2.5-3.0,0,Null
13,13,13,endustri muhendisligi,3,3.0-4.0,0,Null
14,14,14,mekatronik,2,3.0-4.0,1,Null
15,15,15,truzim ve otel isletmeciligi,2,2.5-3.0,0,Null
16,16,16,bilgisayar muhendisligi,3,3.0-3.5,0,Null
17,17,17,hukuk,3,3.0-3.5,0,Null
18,18,18,bilgisayar muhendisligi,1,Null,0,Null
19,19,19,bilgisayar muhendisligi,1,Null,0,Null
20,20,20,bilgisayar muhendisligi,1,Null,0,Null
21,21,21,psikoloji,3,Null,0,Null
22,22,22,iktisadi ve idari bilimler programlari,hazirlik,Null,0,Null
23,23,23,meslek yuksek okulu isletme,Null,2.5-3.0,0,Null
24,24,24,biyomedikal muhendisligi,3,3.0-4.0,0,Null
25,25,25,endustri sistemleri muhendisligi,1,3.0-4.0,0,Null
26,26,26,genetik ve biyomuhendislik,4,3.0-3.5,0,Null
27,27,27,bilgisayar muhendisligi,4,3.0-3.5,0,Null
28,28,28,ic mimarlik ve cevre tasarimi,2,2.5-3.0,0,Null
29,29,29,bilgisayar teknolojisi ve bilisim sistemleri,1,0.0-2.5,0,Null
30,30,30,bankacilik ve sigortacilik,2,2.5-3.0,0,Null
31,31,31,yonetim bilisim sistemleri,2,Null,0,Null
32,32,32,maliye,4,3.0-3.5,0,Null
33,33,33,enerji sistemleri muhendisligi,3,2.5-3.0,0,Null
34,34,34,isletme,1,Null,0,Null
35,35,35,sahne ve gosteri sanatlari yonetimi,1,Null,0,Null
36,36,36,bilgisayar muhendisligi,3,3.0-3.5,0,Null
37,37,37,seyahat isletmeciligi,4,3.0-4.0,1,Null
38,38,38,uluslararasi iliskiler,3,0.0-2.5,0,Null
39,39,39,isletme enformatigi,2,3.0-3.5,0,Null
40,40,40,yazilim muhendisligi,3,3.0-3.5,0,Null
41,41,41,endustri muhendisligi,3,2.5-3.0,0,Null
42,42,42,isletme,mezun,2.5-3.0,0,Null
43,43,43,ekonomi,2,3.0-4.0,0,Null
44,44,44,hukuk,4,0.0-2.5,0,Null
45,45,45,matematik,hazirlik,Null,0,Null
46,46,46,sivil hava ulastirma isletmeciligi,2,2.5-3.0,0,Null
47,47,47,bilgisayar teknolojileri,2,2.5-3.0,0,Null
48,48,48,uluslararasi ticaret,4,3.0-3.5,0,Null
49,49,49,hukuk,4,2.5-3.0,0,Null
50,50,50,sinif ogretmenligi,3,Null,0,Null
51,51,51,uretim sistemleri muhendisligi,3,Null,0,Null
52,52,52,psikoloji,3,2.5-3.0,0,Null
53,53,53,bankacilik ve finans,1,Null,0,Null
54,54,54,bilgisayar muhendisligi,3,3.0-3.5,0,Null
55,55,55,felsefe,2,0.0-2.5,0,Null
56,56,56,uluslarararasi ticaret,2,3.0-3.5,0,Null
57,57,57,mimarlik,3,3.0-3.5,0,Null
58,58,58,endustri muhendisligi,2,3.0-3.5,0,Null
59,59,59,spor yonetimi,1,Null,1,Null
60,60,60,uluslararasi ticaret,2,Null,0,Null
61,61,61,felsefe,3,0.0-2.5,0,Null
62,62,62,uluslararasi iliskiler,2,0.0-2.5,0,Null
63,63,63,isletme,2,2.5-3.0,0,Null
64,64,64,iktisat,3,2.5-3.0,0,Null
65,65,65,isletme,4,0.0-2.5,0,Null
66,66,66,gorsel iletisim tasarimi,3,3.0-3.5,0,Null
67,67,67,bilgisayar muhendisligi,3,2.5-3.0,0,Null
68,68,68,isletme ingilizce - tam burslu,2,3.0-4.0,0,Null
69,69,69,isletme muhendisligi,1,Null,0,Null
70,70,70,international relations,2,0.0-2.5,0,Null
71,71,71,medya ve iletisim,4,3.0-3.5,0,Null
72,72,72,felsefe,2,Null,0,Null
73,73,73,"uluslararasi finans, uluslararasi ticaret ve isletmecilik",4,3.0-4.0,0,Null
74,74,74,ekonomi,3,2.5-3.0,0,Null
75,75,75,hukuk,3,3.0-3.5,0,Null
76,76,76,isletme,3,3.0-4.0,0,Null
77,77,77,enerji sistemleri muhendisligi-isletme muhendisligicap,3,3.0-4.0,0,Null
78,78,78,rehberlik ve psikolojik danismanlik,1,Null,0,Null
79,79,79,hukuk,2,3.0-3.5,0,Null
80,80,80,halkla iliskiler ve tanitim,2,2.5-3.0,0,Null
81,81,81,isletme,2,3.0-3.5,0,Null
82,82,82,halkla iliskiler,4,3.0-3.5,1,Null
83,83,83,bilgisayar muhendisligi,2,3.0-3.5,0,Null
84,84,84,endustri muhendisligi - otomotiv muhendisligiyan dal,4,3.0-3.5,0,Null
85,85,85,psikoloji,2,2.5-3.0,0,Null
86,86,86,iktisat,3,3.0-4.0,0,Null
87,87,87,endustri muhendisligi,2,3.0-4.0,0,Null
88,88,88,psikoloji,2,3.0-3.5,0,Null
89,89,89,isletme / psikoloji cift anadal,3,3.0-4.0,0,Null
90,90,90,insaat muhendisligi-isletme muhendisligicap,3,2.5-3.0,0,Null
91,91,91,endustri muhendisligi,3,3.0-4.0,0,Null
92,92,92,bilgisayar muhendisligi,3,2.5-3.0,0,Null
93,93,93,ingilizce isletme,1,Null,0,Null
94,94,94,elektrik elektronik muhendisligi,4,2.5-3.0,0,Null
95,95,95,siyaset bilimi ve uluslararasi iliskiler,3,2.5-3.0,0,Null
96,96,96,biyomedikal muhendisligi,3,3.0-3.5,0,Null
97,97,97,matematik,2,0.0-2.5,0,Null
98,98,98,isletme ingilizce,4,2.5-3.0,1,Null
99,99,99,isletme,1,3.0-3.5,0,Null
100,100,100,hemsirelik ve saglik hizmetleri,4,0.0-2.5,0,Null
101,101,101,iktisat,1,Null,0,Null
102,102,102,bilgisayar muhendisligi,2,2.5-3.0,0,Null
103,103,103,halkla iliskiler ve reklamcilik,hazirlik,Null,0,Null
104,104,104,halkla iliskiler ve reklamcilik,hazirlik,Null,0,Null
105,105,105,ekonomi ve finans,3,0.0-2.5,0,Null
106,106,106,is sagligi ve guvenligi,3,3.0-3.5,0,Null
107,107,107,hukuk,3,2.5-3.0,0,Null
108,108,108,siyaset bilimi ve kamu yonetimi,4,3.0-3.5,0,Null
109,109,109,isletme-ekonomi,hazirlik,Null,0,Null
110,110,110,tarih,hazirlik,Null,0,Null
111,111,111,bankacilik ve finans ingilizce,3,2.5-3.0,0,Null
112,112,112,psikoloji,2,3.0-4.0,0,Null
113,113,113,yonetim bilimleri,1,Null,0,Null
114,114,114,gorsel iletisim tasarimi,2,3.0-4.0,0,Null
115,115,115,psikoloji,2,3.0-3.5,0,Null
116,116,116,enerji sistemleri muhendisligi,1,Null,0,Null
117,117,117,hukuk,3,3.0-4.0,0,Null
118,118,118,uluslarasi iliskiler - iktisat cift anadal programi,3,3.0-3.5,0,Null
119,119,119,"matematik-bilgisayar,bilgisayar muhendisligi",3,3.0-3.5,0,Null
120,120,120,elektrik-elektronik muhendisligi,4,3.0-4.0,0,Null
121,121,121,halkla iliskiler tanitim,4,3.0-3.5,0,Null
122,122,122,uluslararasi ticaret,1,3.0-4.0,0,Null
123,123,123,uluslararasi ticaret,1,Null,0,Null
124,124,124,ekonomiingilizce,1,3.0-3.5,0,Null
125,125,125,psikoloji,3,2.5-3.0,0,Null
126,126,126,bankacilik ve sigortacilik,2,2.5-3.0,0,Null
127,127,127,biyomedikal muhendisligi,3,3.0-3.5,0,Null
128,128,128,enformasyon teknolojileri,4,2.5-3.0,0,Null
129,129,129,endustri muhendisligi,3,3.0-4.0,0,Null
130,130,130,uluslararasi iliskiler/ yandal-iktisat,3,3.0-3.5,0,Null
131,131,131,rehberlik ve psikolojik danismanlik,1,Null,0,Null
132,132,132,hukuk,2,3.0-4.0,0,Null
133,133,133,uluslararasi ticaret,1,Null,0,Null
134,134,134,kimya ve biyoloji muhendisligi,2,0.0-2.5,0,Null
135,135,135,saglik kurumlari yonetimi,2,3.0-4.0,0,Null
136,136,136,dis hekimligi,3,3.0-4.0,0,Null
137,137,137,hukuk,3,2.5-3.0,0,Null
138,138,138,halkla iliskiler ve reklamcilik,3,3.0-3.5,1,Null
139,139,139,makine muhendisligi,3,3.0-4.0,0,Null
140,140,140,endustri muhendisligi,3,2.5-3.0,0,Null
141,141,141,mimarlik,2,2.5-3.0,0,Null
142,142,142,ekonomi,4,2.5-3.0,0,Null
143,143,143,ekonomi,3,3.0-3.5,0,Null
144,144,144,siyaset bilimi ve kamu yonetimi,3,0.0-2.5,0,Null
145,145,145,bilgisayar ve egitim teknolojileri ogretmenligi,3,0.0-2.5,0,Null
146,146,146,bilgisayar muhendisligi,3,0.0-2.5,0,Null
147,147,147,televizyon haberciligi ve programciligi,2,3.0-3.5,0,Null
148,148,148,ingiliz dili veedebiyati,3,0.0-2.5,0,Null
149,149,149,mimarlik,1,Null,0,Null
150,150,150,uluslararasi isletme yonetimi,4,3.0-3.5,0,Null
151,151,151,psikoloji,4,3.0-4.0,0,Null
152,152,152,psikoloji,2,0.0-2.5,0,Null
153,153,153,makine muhendisligi,2,0.0-2.5,0,Null
154,154,154,mimarlik,2,2.5-3.0,0,Null
155,155,155,mimarlik,4,2.5-3.0,0,Null
156,156,156,psikoloji,4,2.5-3.0,0,Null
157,157,157,siyaset bilimi ve uluslararasi iliskiler psikoloji bolumu ile cift anadal,4,3.0-3.5,0,Null
158,158,158,isletme enformatigi,3,2.5-3.0,0,Null
159,159,159,muhendislik ve doga bilimleri fakultesi,1,Null,0,Null
160,160,160,malzeme bilimi ve muhendisligi,1,Null,0,Null
161,161,161,bilgisayar muhendisligi,3,2.5-3.0,0,Null
162,162,162,psikoloji,2,0.0-2.5,0,Null
163,163,163,mutercim tercumanlik,3,0.0-2.5,0,Null
164,164,164,hukuk,1,2.5-3.0,0,Null
165,165,165,yonetim bilisim sistemleri ve yazilim muhendisligi,4,3.0-3.5,0,Null
166,166,166,isletme-ekonomi,1,Null,0,Null
167,167,167,iktisat,4,3.0-4.0,0,Null
168,168,168,isletme. uluslararasi ticaret ve lojistik cap,3,3.0-4.0,0,Null
169,169,169,isletme bilgi yonetimi,3,3.0-4.0,0,Null
170,170,170,uluslararasi girisimcilik,3,2.5-3.0,0,Null
171,171,171,siyaset bilimi ve uluslararasi iliskiler,1,Null,0,Null
172,172,172,uluslararasi ticaret ve isletmecilik,3,3.0-3.5,0,Null
173,173,173,uluslararasi ticaret,hazirlik,Null,0,Null
174,174,174,tip,3,3.0-3.5,0,Null
175,175,175,elektrik-elektronik muhendisligi,1,Null,0,Null
176,176,176,iktisat,2,3.0-4.0,0,Null
177,177,177,bilgisayar muhendisligi %50 burslu,4,2.5-3.0,0,Null
178,178,178,mekatronik muhendisligi,1,0.0-2.5,0,Null
179,179,179,otel yoneticiligi,1,Null,0,Null
180,180,180,uluslararasi iliskiler ve ab,2,3.0-3.5,0,Null
181,181,181,ingilizce isletme,3,2.5-3.0,0,Null
182,182,182,uluslararasi iliskiler,3,3.0-3.5,0,Null
183,183,183,siyaset bilimi ve uluslararas iliskiler,2,3.0-3.5,0,Null
184,184,184,uluslararasi iliskiler / ekonomi cift anadal,3,3.0-3.5,0,Null
185,185,185,uluslararasi ticaret ve pazarlama %100 ingilizce,4,3.0-4.0,0,Null
186,186,186,psikoloji,2,3.0-4.0,0,Null
187,187,187,hukuk,3,2.5-3.0,0,Null
188,188,188,endustri muhendisligi,2,3.0-4.0,0,Null
189,189,189,turizm ve otel isletmeciligi,1,3.0-3.5,0,Null
190,190,190,"kimya-biyoloji muhendisligi, endustri muhendisligi cift anadal programi",3,3.0-3.5,0,Null
191,191,191,hukuk,1,Null,0,Null
192,192,192,makine muhendisligi,4,0.0-2.5,0,Null
193,193,193,isletme,2,2.5-3.0,0,Null
194,194,194,hukuk,1,Null,0,Null
195,195,195,uluslararasi lojistik ve tasimacilik,4,3.0-4.0,0,Null
196,196,196,hukuk,2,2.5-3.0,0,Null
197,197,197,bilgisayar muhendisligi,3,3.0-4.0,0,Null
198,198,198,bilgisayar muhendisligi,2,3.0-4.0,0,Null
199,199,199,fizik tedavi ve rehabilitasyon,1,Null,0,Null
200,200,200,isletme - yari burs tr siralama: 5000,2,2.5-3.0,0,Null
201,201,201,gemi makineleri isletme muhendisligi,1,3.0-4.0,0,Null
202,202,202,uluslararasi lojistik ve tasimacilik,1,Null,0,Null
203,203,203,yazilim muhendisligi,4,3.0-3.5,0,Null
204,204,204,matematik bilgisayar,mezun,0.0-2.5,1,Null
205,205,205,bilgisayar muhendisligi,2,2.5-3.0,0,Null
206,206,206,hukuk,4,0.0-2.5,0,Null
207,207,207,ekonomi,2,3.0-4.0,0,Null
208,208,208,iktisat,1,3.0-4.0,0,Null
209,209,209,elektrik-elektronik muhendisligi ingilizce,2,2.5-3.0,0,Null
210,210,210,elektrik elektronik muhendisligi ingilizce,2,0.0-2.5,0,Null
211,211,211,uluslararasi ticaret ve finansingilizce,4,Null,0,Null
212,212,212,hemsirelik,2,0.0-2.5,0,Null
213,213,213,okul oncesi ogretmenligi,3,3.0-3.5,0,Null
214,214,214,uluslararasi girisimcilik,1,0.0-2.5,0,Null
215,215,215,mimarlik,1,Null,0,Null
216,216,216,hukukingilizce,3,3.0-3.5,0,Null
217,217,217,malzeme bilimi ve nanoteknoloji muhendisligi,2,3.0-3.5,0,Null
218,218,218,"biemf - bachelor of international economics, management and finance",3,Null,0,Null
219,219,219,elektrik elektronik muh.,2,3.0-3.5,0,Null
220,220,220,ingilizce isletme,2,0.0-2.5,0,Null
221,221,221,tip fakultesi,3,3.0-4.0,0,Null
222,222,222,endustri muhendisligi,3,2.5-3.0,0,Null
223,223,223,mekatronik muhendisligi,4,3.0-3.5,0,Null
224,224,224,siyaset bilimi ve kamu yonetimi,mezun,3.0-4.0,0,Null
225,225,225,insaat teknolojileri,2,0.0-2.5,0,Null
226,226,226,yonetim bilisim sistemleri,3,2.5-3.0,0,Null
227,227,227,hukuk,4,3.0-3.5,0,Null
228,228,228,uluslararasi ticaret ve isletmecilik,3,0.0-2.5,0,Null
229,229,229,ilahiyat,2,3.0-4.0,0,Null
230,230,230,international relations,3,2.5-3.0,0,Null
231,231,231,ulualararasi lojistik ve tasimacilikingilizce,hazirlik,Null,0,Null
232,232,232,ekonomi ve finans,2,3.0-4.0,0,Null
233,233,233,bilgisayar muhendisligi,2,3.0-3.5,0,Null
234,234,234,insaat muhendisligi,1,Null,0,Null
235,235,235,endustri muhendisligi,4,3.0-4.0,0,Null
236,236,236,molekuler biyoloji ve genetik,mezun,3.0-4.0,0,Null
237,237,237,political science and international relations,3,3.0-3.5,0,Null
238,238,238,sosyal bilgiler ogretmenligi,2,2.5-3.0,0,Null
239,239,239,endustri muhendisligi,3,3.0-3.5,0,Null
240,240,240,kontrol ve otomasyon muhendisligiingilizce,hazirlik,Null,0,Null
241,241,241,bilgisayar muhendisligi,4,3.0-4.0,0,Null
242,242,242,computer technology and information systems,2,2.5-3.0,0,Null
243,243,243,hukuk fakultesi,4,2.5-3.0,0,Null
244,244,244,endustri muhendisligi,3,3.0-4.0,0,Null
245,245,245,dis ticaretingilizce,2,2.5-3.0,0,Null
246,246,246,endustri muhendisligi ingilizce,3,2.5-3.0,0,Null
247,247,247,elektrik-elektronik muhendisligi,2,2.5-3.0,0,Null
248,248,248,genetik ve biyomuhendislik,2,2.5-3.0,0,Null
249,249,249,mimarlik,2,3.0-3.5,0,Null
250,250,250,psikoloji,1,Null,0,Null
251,251,251,psikoloji %100 burslu,4,3.0-3.5,0,Null
252,252,252,bilgisayar muhendisligi,4,0.0-2.5,0,Null
253,253,253,televizyon haberciligi ve programciligi,4,3.0-3.5,0,Null
254,254,254,uluslararasi ticaret ve finansman,4,3.0-4.0,0,Null
255,255,255,endustri muhendisligi,4,0.0-2.5,0,Null
256,256,256,ekonomi,4,3.0-4.0,0,Null
257,257,257,uluslararasi lojistik - isletme ing cap,3,2.5-3.0,0,Null
258,258,258,mimarlik,2,0.0-2.5,0,Null
259,259,259,isletme,3,0.0-2.5,0,Null
260,260,260,lojistik yonetimi,3,3.0-3.5,0,Null
261,261,261,sosyal hizmet,4,0.0-2.5,0,Null
262,262,262,uluslararasi ticaret,2,2.5-3.0,0,Null
263,263,263,bilgisayar muhendisligi,4,0.0-2.5,0,Null
264,264,264,uluslararasi ticaret ve finansman,4,3.0-4.0,0,Null
265,265,265,uluslararasi iliskiler,4,3.0-4.0,0,Null
266,266,266,psikoloji,2,2.5-3.0,0,Null
267,267,267,uluslararasi finans,3,2.5-3.0,0,Null
268,268,268,political science and international relations,2,0.0-2.5,0,Null
269,269,269,insan ve toplum bilimleri,2,0.0-2.5,0,Null
270,270,270,mimarlik,1,Null,0,Null
271,271,271,eczacilik,4,3.0-3.5,0,Null
272,272,272,peyzaj mimarligi,2,3.0-3.5,0,Null
273,273,273,reklamcilik/ sanat ve kultur yonetimi yandal,4,3.0-3.5,0,Null
274,274,274,uluslararasi finans,1,0.0-2.5,0,Null
275,275,275,matematik,3,3.0-3.5,0,Null
276,276,276,"enformasyon teknolojileri,endustri muhendisligi",4,3.0-3.5,0,Null
277,277,277,isletme,1,3.0-3.5,0,Null
278,278,278,mimarlik,4,0.0-2.5,0,Null
279,279,279,karsilastirmali edebiyat,4,2.5-3.0,0,Null
280,280,280,felsefe,3,0.0-2.5,1,Null
281,281,281,turk dili ve edebiyati,3,0.0-2.5,0,Null
282,282,282,bilgisayar muhendisligi,3,2.5-3.0,0,Null
283,283,283,bilgisayar muhendisligi,4,3.0-3.5,0,Null
284,284,284,muhasebe ve finans yonetimi,4,0.0-2.5,1,Null
285,285,285,endustri muhendisligi,4,3.0-4.0,0,Null
286,286,286,mekatronik muhendisligi,1,0.0-2.5,0,Null
287,287,287,endustri muhendisligi,3,3.0-4.0,0,Null
288,288,288,ekonomi,3,3.0-3.5,0,Null
289,289,289,hukuk,2,2.5-3.0,0,Null
290,290,290,sinema tv,4,2.5-3.0,0,Null
291,291,291,elektronik muhendisligi,4,0.0-2.5,0,Null
292,292,292,isletme,mezun,0.0-2.5,0,Null
293,293,293,elektronik ve haberlesme muh.,3,0.0-2.5,0,Null
294,294,294,makine muhendisligi,1,Null,0,Null
295,295,295,endustri muhendisligi,3,2.5-3.0,0,Null
296,296,296,bilgisayar muhendisligi,4,2.5-3.0,0,Null
297,297,297,uluslararasi ticaret ve isletmecilik,2,Null,0,Null
298,298,298,mimarlik ingilizce tam burslu,1,3.0-3.5,0,Null
299,299,299,muhasebe bilgi sistemleri,2,2.5-3.0,0,Null
300,300,300,isletme,4,3.0-3.5,0,Null
301,301,301,vcd gorsel iletisim tasarim,1,Null,0,Null
302,302,302,insaat muhendisligi,2,0.0-2.5,0,Null
303,303,303,iletisim tasarimi,1,Null,0,Null
304,304,304,rehberlik ve psikolojik danismanlik,2,3.0-4.0,0,Null
305,305,305,uluslararasi iliskiler,2,3.0-3.5,0,Null
306,306,306,elektrik-elektronik muhendisligi - psikoloji cift anadal,3,3.0-3.5,0,Null
307,307,307,"endustri muhendisligi anadal, bilgisayar muhendisligi cift anadal",4,3.0-4.0,0,Null
308,308,308,endustri ve sistem muhendisligi,hazirlik,3.0-4.0,0,Null
309,309,309,ingilizce mutercim- tercumanlik,3,3.0-4.0,0,Null
310,310,310,isletme,4,2.5-3.0,0,Null
311,311,311,isletme muhendisligi,hazirlik,Null,0,Null
312,312,312,endustri muhendisligi,3,2.5-3.0,0,Null
313,313,313,hukuk,2,2.5-3.0,0,Null
314,314,314,endustri muhendisligi,3,3.0-3.5,0,Null
315,315,315,insaat muhendisligi,2,3.0-3.5,0,Null
316,316,316,yazilim muhendisligi,4,2.5-3.0,0,Null
317,317,317,bilgisayar muhendisligi,yuksek lisans,Null,1,Null
318,318,318,enerji sistemleri muhendisligi,2,2.5-3.0,0,Null
319,319,319,hukuk,2,3.0-3.5,0,Null
320,320,320,ekonomi-sosyoloji cift ana dal,3,3.0-3.5,0,Null
321,321,321,isletme,4,3.0-4.0,0,Null
322,322,322,elektrik-elektronik muhendisligi,1,Null,0,Null
323,323,323,gazetecilik,4,2.5-3.0,0,Null
324,324,324,televizyon haberciligi ve programciligi,1,Null,0,Null
325,325,325,sosyal hizmet,2,3.0-4.0,0,Null
326,326,326,insaat muhendisligiingilizce,1,Null,0,Null
327,327,327,hemsirelik,2,0.0-2.5,0,Null
328,328,328,isletme,3,3.0-3.5,0,Null
329,329,329,uluslararasi iliskiler,2,3.0-3.5,0,Null
330,330,330,isletme-girisimcilik,4,3.0-3.5,0,Null
331,331,331,ingilizce isletme,3,0.0-2.5,0,Null
332,332,332,uluslararasi finans,4,3.0-3.5,0,Null
333,333,333,elektrik-elektronik muhendisligianadal / yazilim muhendisligicift anadal,4,2.5-3.0,0,Null
334,334,334,uluslararasi ticaret,3,3.0-3.5,0,Null
335,335,335,lojistik yonetimi,4,3.0-4.0,0,Null
336,336,336,mutercim-tercumanlik,4,2.5-3.0,0,Null
337,337,337,isletmeingilizce,2,3.0-4.0,0,Null
338,338,338,tip,3,2.5-3.0,0,Null
339,339,339,ingilizce isletme,4,2.5-3.0,0,Null
340,340,340,bilgisayar muhendisligi,3,2.5-3.0,0,Null
341,341,341,uluslararasi iliskiler ingilizce,2,3.0-4.0,0,Null
342,342,342,ucak muhendisligi,2,3.0-4.0,0,Null
343,343,343,uluslararasi ticaret ve isletme,3,3.0-4.0,0,Null
344,344,344,isletme,2,3.0-4.0,0,Null
345,345,345,isletme,1,Null,0,Null
346,346,346,siyaset bilimi ve uluslararasi iliskiler,3,3.0-4.0,0,Null
347,347,347,molekuler biyoloji ve genetik,4,3.0-3.5,0,Null
348,348,348,isletme-ekonomi,1,Null,0,Null
349,349,349,uluslararasi ticaretingilizce,hazirlik,Null,0,Null
350,350,350,bilgisayar ve ogretim teknolojileri egitmenligi,3,2.5-3.0,0,Null
351,351,351,hukuk fakultesi,4,0.0-2.5,0,Null
352,352,352,endustri muhendisligi,1,Null,0,Null
353,353,353,uluslararasi iliskiler,1,Null,0,Null
354,354,354,uluslararasi ticaret ve finansman,2,0.0-2.5,0,Null
355,355,355,uluslararasi ticaret ve finansman,3,3.0-4.0,0,Null
356,356,356,cevre muhendisligi,3,3.0-3.5,0,Null
357,357,357,endustri muhendisligi,2,0.0-2.5,0,Null
358,358,358,ic mimarlik,3,2.5-3.0,0,Null
359,359,359,hukuk,3,0.0-2.5,0,Null
360,360,360,mekatronik muhendisligi,2,3.0-4.0,0,Null
361,361,361,beslenme ve diyetetik,hazirlik,Null,0,Null
362,362,362,uluslararasi isletme yonetimi almanca,4,2.5-3.0,0,Null
363,363,363,matematik ve almanca cift anadali,3,3.0-4.0,0,Null
364,364,364,enformasyon teknolojileriit/endustri muhendisligicap,3,3.0-3.5,0,Null
365,365,365,bilgisayar muhendisligi,2,3.0-4.0,0,Null
366,366,366,optisyenlik,1,Null,1,Null
367,367,367,felsefe,2,3.0-3.5,1,Null
368,368,368,hemsirelik,1,2.5-3.0,0,Null
369,369,369,biyomedikal muhendisligi,4,0.0-2.5,0,Null
370,370,370,bilgisayar muhendisligi,4,3.0-3.5,0,Null
371,371,371,ergoterapi,2,3.0-3.5,0,Null
372,372,372,elektronik ve haberlesme muhendisligi,2,3.0-4.0,0,Null
373,373,373,psikoloji,4,3.0-4.0,0,Null
374,374,374,matematik muhendisligi,3,2.5-3.0,0,Null
375,375,375,endustri muhendisligi,2,3.0-3.5,0,Null
376,376,376,insaat muhendisligi,2,2.5-3.0,0,Null
377,377,377,mimarlik,2,3.0-3.5,0,Null
378,378,378,isletme ingilizce,4,0.0-2.5,0,Null
379,379,379,uluslararasi ticaret ve finansman,1,Null,0,Null
380,380,380,insaat muhendisligi,1,Null,0,Null
381,381,381,endustri muhendisligi,3,2.5-3.0,0,Null
382,382,382,uluslararasi ticaret ve isletmecilik,1,Null,0,Null
383,383,383,universite okumadim sistem istedigi icin yazim,Null,Null,0,Null
384,384,384,ingilizce isletme,4,3.0-3.5,0,Null
385,385,385,uluslararasi girisimcilik,2,3.0-3.5,0,Null
386,386,386,uluslararasi iliskiler- iktisat cift anadal,3,3.0-3.5,0,Null
387,387,387,elektrk ve elektonik muh. ingilice % 100,2,3.0-3.5,0,Null
388,388,388,uluslararasi iliskiler,1,Null,0,Null
389,389,389,endustri muhendisligi %100 ingilizce,3,2.5-3.0,0,Null
390,390,390,elektrik elektronik muhendisligi,4,0.0-2.5,0,Null
391,391,391,bilgisayar muhendisligi ingilizce,3,2.5-3.0,0,Null
392,392,392,endustri muhendisligi,2,0.0-2.5,0,Null
393,393,393,endustri muhendisligi,2,0.0-2.5,0,Null
394,394,394,hukuk,3,3.0-3.5,0,Null
395,395,395,yazilim muhendisligi,4,0.0-2.5,0,Null
396,396,396,elektrik elektronik muhendisligi,4,0.0-2.5,0,Null
397,397,397,endustri muhendisligi,mezun,0.0-2.5,1,Null
398,398,398,endustri muhendisligi,2,0.0-2.5,0,Null
399,399,399,bilgisayar muhendisligi,2,2.5-3.0,0,Null
400,400,400,makine muhendisligi,2,0.0-2.5,0,Null
401,401,401,turizm isletmeciligi,3,0.0-2.5,0,Null
402,402,402,gastronomi ve mutfak sanatlari,4,0.0-2.5,0,Null
403,403,403,isletmelisans,2,3.0-4.0,0,Null
404,404,404,bankacilik ve finans,4,3.0-3.5,0,Null
405,405,405,hukuk,2,2.5-3.0,0,Null
406,406,406,uluslararasi iliskiler,4,0.0-2.5,0,Null
407,407,407,saglik yonetimi,3,3.0-3.5,0,Null
408,408,408,hukuk %30 ingilizce,2,2.5-3.0,0,Null
409,409,409,reklamcilik,2,3.0-3.5,0,Null
410,410,410,uluslararasi iliskiler,2,3.0-3.5,0,Null
411,411,411,isletme,4,2.5-3.0,0,Null
412,412,412,uluslararasi iliskiler,3,3.0-4.0,0,Null
413,413,413,rehberlik ve psikolojik danismanlik,1,Null,0,Null
414,414,414,isletme,4,3.0-4.0,0,Null
415,415,415,yazilim muhendisligi,1,3.0-3.5,0,Null
416,416,416,isletme,mezun,2.5-3.0,0,Null
417,417,417,mekatronik muhendisligi,3,3.0-3.5,0,Null
418,418,418,endustri muhendisligi,2,0.0-2.5,0,Null
419,419,419,uluslararasi ticaret,3,2.5-3.0,0,Null
420,420,420,iletisim,Null,Null,0,Null
421,421,421,endustri muhendisligi,4,0.0-2.5,0,Null
422,422,422,isletmeingilizce,hazirlik,Null,0,Null
423,423,423,bilgisayar muhendisligi,1,Null,0,Null
424,424,424,genetik ve biyomuhendislik,3,3.0-3.5,0,Null
425,425,425,isletme,1,Null,0,Null
426,426,426,bilgisayar programciligi - myo,2,3.0-4.0,0,Null
427,427,427,management information systems,4,3.0-4.0,0,Null
428,428,428,bilgisayar veya yazilim muh. olacak,1,Null,0,Null
429,429,429,bilgisayar teknolojisi ve bilisim sistemleri,2,3.0-3.5,0,Null
430,430,430,lojistik yonetimi // uluslararasi ticaret ve finansmancap,4,3.0-4.0,0,Null
431,431,431,ingilizce isletme,3,2.5-3.0,0,Null
432,432,432,elektrik-elektronik muhendisligi,hazirlik,Null,0,Null
433,433,433,"enerji sistemleri muhendisligi,elektrik-elektronik muhendisligicift anadal",3,3.0-3.5,0,Null
434,434,434,bankacilik ve finans,4,3.0-3.5,0,Null
435,435,435,psikoloji,4,3.0-3.5,0,Null
436,436,436,isletme ve reklamcilik. cap yapiyorum.,4,3.0-3.5,0,Null
437,437,437,hemsirelik,2,2.5-3.0,0,Null
438,438,438,uluslararasi ticaret ve isletmecilik,3,2.5-3.0,0,Null
439,439,439,bilgisayar muhendisligi anadal/ endustri muhendisligi ikinci anadal,3,3.0-3.5,0,Null
440,440,440,grafik,4,3.0-4.0,1,Null
441,441,441,biyomedikal muhendisligi,3,3.0-4.0,0,Null
442,442,442,uluslararasi ticaret ve finansman,4,3.0-3.5,0,Null
443,443,443,hukuk,4,3.0-3.5,0,Null
444,444,444,ekonomi,hazirlik,Null,0,Null
445,445,445,endustri muhendisligi,3,3.0-4.0,0,Null
446,446,446,yonetim bilisim sistemleri %100 ing.,2,3.0-4.0,0,Null
447,447,447,master of business administration,1,Null,1,Null
448,448,448,gorsel iletisim tasarimi,1,Null,0,Null
449,449,449,sanat sosyal fakultesi,1,Null,0,Null
450,450,450,hukuk ve medya ve iletisim sistemleri anabilim dallarinda %100 osym burslu,4,3.0-4.0,0,Null
451,451,451,ic mimarlik ve cevre tasarimi,1,Null,0,Null
452,452,452,endustri muhendisligi,2,3.0-3.5,0,Null
453,453,453,ekonomi ing,2,3.0-4.0,0,Null
454,454,454,hukuk,3,2.5-3.0,0,Null
455,455,455,bilgisayar muhendisligi,2,2.5-3.0,0,Null
456,456,456,turk dili ve edebiyati,1,Null,0,Null
457,457,457,uluslararasi iliskiler ingilizce,4,3.0-3.5,0,Null
458,458,458,turk dili ve edebiyati,4,2.5-3.0,0,Null
459,459,459,uluslararasi ticaret ve lojistik,4,0.0-2.5,0,Null
460,460,460,petrol ve dogalgaz muhendisligi,2,0.0-2.5,0,Null
461,461,461,uluslararasi ticaret ve lojistik,3,0.0-2.5,0,Null
462,462,462,ingiliz dili ve edebiyati,1,Null,0,Null
463,463,463,geomatik muhendisligi,2,2.5-3.0,0,Null
464,464,464,biyomedikal muhendisligi,4,3.0-3.5,0,Null
465,465,465,mimarlik,3,2.5-3.0,0,Null
466,466,466,psikoloji,2,3.0-3.5,0,Null
467,467,467,halkla iliskiler,2,3.0-3.5,0,Null
468,468,468,isletmeanadal - endustri muhendisligiyandal,2,3.0-3.5,0,Null
469,469,469,insaat muhendisligi ing,1,Null,0,Null
470,470,470,uluslararasi ticaret ve finansman,3,0.0-2.5,0,Null
471,471,471,harita kadastro,2,3.0-4.0,0,Null
472,472,472,isletme,2,0.0-2.5,0,Null
473,473,473,siyaset bilimi ve kamu yonetimi,1,3.0-3.5,0,Null
474,474,474,uluslararasi isletme yonetimi,3,0.0-2.5,0,Null
475,475,475,endustri muhendisligi,2,3.0-3.5,0,Null
476,476,476,elektrik-elektronik muhendisligi,3,2.5-3.0,0,Null
477,477,477,endustri muhendisligi,2,2.5-3.0,0,Null
478,478,478,otomotiv teknolojileri,mezun,Null,0,Null
479,479,479,bilgisayar muhendisligi,3,3.0-3.5,0,Null
480,480,480,tibbi dokumantasyon ve sekreterlik,2,3.0-3.5,0,Null
481,481,481,muhasebe,mezun,3.0-3.5,1,Null
482,482,482,endustri muhendisligi,1,Null,0,Null
483,483,483,saglik kurumlari isletmeciligi,1,3.0-3.5,0,Null
484,484,484,yazilim muhendisligi,2,3.0-4.0,0,Null
485,485,485,eczacilik bolumu,4,3.0-4.0,0,Null
486,486,486,kentsel tasarim ve peyzaj mimarligi,3,2.5-3.0,0,Null
487,487,487,makine,2,0.0-2.5,0,Null
488,488,488,isletme,1,Null,0,Null
489,489,489,ekonomi,2,2.5-3.0,0,Null
490,490,490,endustri muhendisligi,2,3.0-4.0,0,Null
491,491,491,siyaset bilimi ve kamu yonetimi,2,3.0-3.5,0,Null
492,492,492,halkla iliskiler ve reklamcilik,2,3.0-3.5,0,Null
493,493,493,endustri muhendisligi,3,2.5-3.0,0,Null
494,494,494,elektronik muhendisligi,4,3.0-3.5,0,Null
495,495,495,bilgisayar muhendisligi,3,0.0-2.5,0,Null
496,496,496,elektronik ve haberlesme muh.,2,0.0-2.5,0,Null
497,497,497,gazetecilik,4,0.0-2.5,0,Null
498,498,498,halkla iliskiler ve reklamcilik,1,Null,0,Null
499,499,499,otomotiv muhendisligi%100 ing,2,3.0-4.0,0,Null
500,500,500,ekonomi - yonetim bilimleri,1,3.0-3.5,0,Null
501,501,501,ingiliz dili ve edebiyati,2,2.5-3.0,0,Null
502,502,502,bilgisayar muhendisligi,4,3.0-3.5,1,Null
503,503,503,bilgisayar muhendisligi,3,3.0-3.5,0,Null
504,504,504,bilisim sistemleri muhendisligi,mezun,3.0-3.5,0,Null
505,505,505,yazilim muhendisligi,4,2.5-3.0,0,Null
506,506,506,endustri muhendisligi,2,Null,0,Null
507,507,507,computer science engineering,3,2.5-3.0,0,Null
508,508,508,halkla iliskiler,4,3.0-3.5,0,Null
509,509,509,elektronik ve haberlesme muhendisligi,2,0.0-2.5,0,Null
510,510,510,hukuk,1,Null,0,Null
511,511,511,endustri muhendisligi,4,2.5-3.0,0,Null
512,512,512,mimarlik,hazirlik,Null,0,Null
513,513,513,turizm ve otel iletmeciligi,2,3.0-3.5,0,Null
514,514,514,isletme,2,3.0-3.5,0,Null
515,515,515,kontrol ve otomasyon muhendisligi,4,3.0-3.5,0,Null
516,516,516,elektrik elektronik muhendisligi,3,3.0-3.5,0,Null
517,517,517,gazetecilik,2,3.0-4.0,0,Null
518,518,518,makine muhendisligi,3,3.0-3.5,0,Null
519,519,519,hukuk,2,2.5-3.0,0,Null
520,520,520,isletme,2,0.0-2.5,0,Null
521,521,521,isletme,1,Null,0,Null
522,522,522,saglik yonetimi / psikoloji cift anadal,3,3.0-3.5,0,Null
523,523,523,matematik / iktisat cift anadal,3,3.0-3.5,0,Null
524,524,524,siyaset bilimi ve uluslararasi iliskiler,1,Null,0,Null
525,525,525,bilgisayar muhendisligi,4,2.5-3.0,0,Null
526,526,526,endustri muhendisligi,4,3.0-3.5,0,Null
527,527,527,ic mimarlik ve cevre tasarimi,2,2.5-3.0,0,Null
528,528,528,hukuk fakultesi,1,Null,0,Null
529,529,529,uluslararasi finans,3,2.5-3.0,0,Null
530,530,530,bilgisayar muhendisligi ingilizce,4,2.5-3.0,0,Null
531,531,531,endustri muhendisligi,2,2.5-3.0,0,Null
532,532,532,mimarlik bolumu,3,3.0-4.0,0,Null
533,533,533,halkla iliskiler ve reklamcilik,1,Null,0,Null
534,534,534,uluslararasi ticaret,2,2.5-3.0,0,Null
535,535,535,isletme ingilizce,4,0.0-2.5,0,Null
536,536,536,endustri muhendisligi,3,3.0-3.5,0,Null
537,537,537,ingilizce isletme,3,2.5-3.0,0,Null
538,538,538,iktisatingilizce,2,3.0-3.5,0,Null
539,539,539,fizyoterapi ve rehabilitasyon,1,Null,0,Null
540,540,540,kamu yonetimi,4,2.5-3.0,0,Null
541,541,541,gida muhendisligi,4,3.0-4.0,0,Null
542,542,542,ingilizce matematik,1,Null,0,Null
543,543,543,elektrik ve elektronik muendisligi,3,2.5-3.0,0,Null
544,544,544,iktisat,3,3.0-3.5,0,Null
545,545,545,isletme,3,2.5-3.0,1,Null
546,546,546,ingiliz dili ve edebiyati,3,2.5-3.0,0,Null
547,547,547,ingilizce uluslararasi iliskiler,2,2.5-3.0,0,Null
548,548,548,isletme ingilizce,4,3.0-3.5,0,Null
549,549,549,halkla iliskiler ve tanitim,3,3.0-4.0,0,Null
550,550,550,sosyal hizmet,2,3.0-3.5,0,Null
551,551,551,siyaset bilimi ve uluslar arasi iliskiler,hazirlik,Null,0,Null
552,552,552,molekuler biyoloji ve genetik,1,3.0-3.5,0,Null
553,553,553,tip fakultesi,1,Null,0,Null
554,554,554,gida muhendisligi,1,Null,0,Null
555,555,555,bilgisayar programciligi,2,2.5-3.0,0,Null
556,556,556,mimarlik ingilizce,3,3.0-3.5,0,Null
557,557,557,elektrik ve elektronik muhendisligi,4,3.0-3.5,0,Null
558,558,558,yonetim bilimleri,1,Null,0,Null
559,559,559,"otel yoneticiligi lisans ingilizce / hotel management, %100 burslu",hazirlik,Null,0,Null
560,560,560,tip,2,3.0-3.5,0,Null
561,561,561,bilgisayar muhendisligi,4,3.0-4.0,0,Null
562,562,562,muhasebe bilgi sistemler,3,3.0-3.5,0,Null
563,563,563,lojistik yonetimi,2,3.0-4.0,0,Null
564,564,564,elektrik elektronik,3,0.0-2.5,0,Null
565,565,565,isletme bolumu ingilizce,2,2.5-3.0,0,Null
566,566,566,biyomedikal muhendisligi,3,2.5-3.0,0,Null
567,567,567,kimya muhendisligi,4,3.0-3.5,0,Null
568,568,568,endustri muhendisligi,2,2.5-3.0,0,Null
569,569,569,"matematik-bilgisayar, yazilim muhendisligicift anadal",3,3.0-4.0,0,Null
570,570,570,bilgisayar muhendisligi,3,0.0-2.5,0,Null
571,571,571,maliye,3,Null,0,Null
572,572,572,endustri muhendisligi,4,3.0-4.0,0,Null
573,573,573,girisimcilik,hazirlik,Null,0,Null
574,574,574,halkla iliskiler - reklamcilik,4,3.0-4.0,0,Null
575,575,575,ingilizce ekonomi,2,3.0-3.5,0,Null
576,576,576,ic mimarlik ve cevre tasarimi,1,3.0-4.0,0,Null
577,577,577,bilgisayar muhendisligi,3,3.0-4.0,0,Null
578,578,578,dis ticaret,mezun,2.5-3.0,0,Null
579,579,579,bankacilik ve finans,3,3.0-3.5,0,Null
580,580,580,tip fakultesi,2,3.0-3.5,0,Null
581,581,581,saglik yonetimi,3,3.0-3.5,0,Null
582,582,582,isletme bilgi yonetimi,3,3.0-4.0,0,Null
583,583,583,elektrik - elektronik muhendisligi,3,2.5-3.0,0,Null
584,584,584,uluslararasi ticaret ve isletmecilik,2,2.5-3.0,0,Null
585,585,585,sigortacilik ve risk yonetimi,2,0.0-2.5,0,Null
586,586,586,elektrik ve elektronik muhendisligi,2,3.0-3.5,0,Null
587,587,587,edebiyat,3,Null,0,Null
588,588,588,uluslararasi girisimcilik,3,2.5-3.0,0,Null
589,589,589,mekatronik muhendisligi,1,Null,0,Null
590,590,590,bilisim sistemleri muhendisligi,2,2.5-3.0,0,Null
591,591,591,undecleared,2,0.0-2.5,0,Null
592,592,592,mekatronik muhendisligi,2,3.0-4.0,0,Null
593,593,593,hukuk,2,Null,0,Null
594,594,594,bilgisayar muhendisligi,4,0.0-2.5,0,Null
595,595,595,makina muhendisligi,2,3.0-4.0,0,Null
596,596,596,yazilim muhendisligi,4,3.0-3.5,1,Null
597,597,597,hukuk,3,3.0-4.0,0,Null
598,598,598,endustri muhendisligi,4,0.0-2.5,0,Null
599,599,599,kimya muhendisligi,4,2.5-3.0,0,Null
600,600,600,isletme,4,0.0-2.5,0,Null
601,601,601,yazilim muhendisligi,4,0.0-2.5,0,Null
602,602,602,hemsirelik,1,2.5-3.0,0,Null
603,603,603,bilgisayar muhendisligi,mezun,0.0-2.5,0,Null
604,604,604,makine muhendisligi %100 ingilizce,4,3.0-4.0,0,Null
605,605,605,tip fakultesi,3,2.5-3.0,0,Null
606,606,606,kamu yonetimi / siyaset bilimi ve uluslararasi iliskiler/ gazetecilik,4,3.0-4.0,1,Null
607,607,607,turizm ve otel isletmeciligi,2,3.0-3.5,0,Null
608,608,608,uluslararasi ticaret ve lojistik,3,3.0-3.5,0,Null
609,609,609,endustri muhendisligi,2,3.0-4.0,0,Null
610,610,610,bilgisayar muhendisligi,4,0.0-2.5,0,Null
611,611,611,uluslararasi iliskiler,2,3.0-4.0,0,Null
612,612,612,hukuk,2,3.0-4.0,0,Null
613,613,613,hukuk,2,3.0-4.0,0,Null
614,614,614,endustri muhendisligi,4,3.0-4.0,0,Null
615,615,615,tip,4,3.0-4.0,0,Null
616,616,616,hukuk,3,2.5-3.0,0,Null
617,617,617,matematik,3,2.5-3.0,0,Null
618,618,618,bilgisayar muhendisligi,4,2.5-3.0,0,Null
619,619,619,isletme,2,3.0-4.0,0,Null
620,620,620,isletme / endustri muhendisligi cap,4,3.0-3.5,0,Null
621,621,621,endustri muhendisligi,3,2.5-3.0,0,Null
622,622,622,siyaset bilimi ve kamu yonetimi%100 yok burslu-%100 ingilizce,1,3.0-4.0,0,Null
623,623,623,endustri muhendisligi,2,0.0-2.5,0,Null
624,624,624,iktisatingilizce ve hukukcap / istanbul universitesi sosyoloji acik ve uzaktan egitim fakultesi,4,3.0-3.5,0,Null
625,625,625,endustri muhendisligi,4,0.0-2.5,0,Null
626,626,626,biyomedikal muhendisligi,2,2.5-3.0,0,Null
627,627,627,isletme anadal bolumu 4. sinif - endustri muhendisligi cift anadal bolumu 3. sinif,4,3.0-4.0,0,Null
628,628,628,endustri muhendisligi,2,3.0-4.0,0,Null
629,629,629,isletme,3,3.0-4.0,0,Null
630,630,630,endustri muhendisligi,3,3.0-4.0,0,Null
631,631,631,halkla iliskiler ve reklamcilik,2,2.5-3.0,0,Null
632,632,632,endustri muhendisligi,2,3.0-4.0,0,Null
633,633,633,hukuk fakultesi,4,2.5-3.0,0,Null
634,634,634,elektrik-elektronik muhendisligi,3,2.5-3.0,0,Null
635,635,635,isletme,4,3.0-3.5,0,Null
636,636,636,yonetim bilimleri programlari,4,3.0-4.0,0,Null
637,637,637,uluslararasi isletmecilik ve ticaret,2,3.0-4.0,0,Null
638,638,638,bilgisayar muhendisligi,2,3.0-4.0,0,Null
639,639,639,yonetim bilisim sistemleri mis,1,Null,0,Null
640,640,640,business administration,2,3.0-4.0,0,Null
641,641,641,yonetim bilimleri programi,1,3.0-3.5,0,Null
642,642,642,isletme,3,3.0-3.5,0,Null
643,643,643,insaat muhendisligi,2,3.0-4.0,0,Null
644,644,644,business administration,2,3.0-4.0,0,Null
645,645,645,"psikoloji, saglik yonetimi",4,3.0-3.5,0,Null
646,646,646,psikoloji,3,3.0-3.5,0,Null
647,647,647,hukuk,4,3.0-3.5,0,Null
648,648,648,elektrik-elektronik muhendisligi,1,3.0-3.5,0,Null
649,649,649,cevre muhendisligi ingilizce,3,3.0-3.5,0,Null
650,650,650,isletme - uluslararasi ticaret ve lojistik yonetimi cap,4,3.0-4.0,0,Null
651,651,651,uluslararasi ticaret ve finansman,2,3.0-3.5,0,Null
652,652,652,ekonomi,2,3.0-3.5,0,Null
653,653,653,endustri muhendisligi,2,3.0-3.5,0,Null
654,654,654,isletmeingilizce,2,3.0-3.5,0,Null
655,655,655,tip fakultesi,3,3.0-3.5,0,Null
656,656,656,bilgisayar muhendisligi,3,3.0-3.5,0,Null
657,657,657,endustri ve sistem muhendisligi,4,2.5-3.0,0,Null
658,658,658,isletme %100 ing.,4,3.0-3.5,0,Null
659,659,659,hukuk fakultesi,2,3.0-3.5,0,Null
660,660,660,ekonomi,2,3.0-4.0,0,Null
661,661,661,ekonomi,2,0.0-2.5,0,Null
662,662,662,yonetim bilimleri,2,3.0-3.5,0,Null
663,663,663,hukuk,3,3.0-3.5,0,Null
664,664,664,psikoloji,3,3.0-3.5,0,Null
665,665,665,hemsirelik,3,2.5-3.0,0,Null
666,666,666,elektrik ve elektronik muhendisligi ingilizce,1,3.0-4.0,0,Null
667,667,667,tarih,3,0.0-2.5,0,Null
668,668,668,beslenme ve diyetetik,1,Null,0,Null
669,669,669,tip,2,2.5-3.0,0,Null
670,670,670,insaat muhendisligi,4,3.0-4.0,0,Null
671,671,671,gorsel iletisim tasarimi,3,3.0-4.0,0,Null
672,672,672,endustri muhendisligi,1,2.5-3.0,0,Null
673,673,673,bilgisayar muhendisligi,3,2.5-3.0,0,Null
674,674,674,uluslararasi ticaret,1,Null,0,Null
675,675,675,tarih,4,0.0-2.5,0,Null
676,676,676,hukuk,1,3.0-3.5,0,Null
677,677,677,istatistik,4,3.0-3.5,0,Null
678,678,678,ekonomi ve finans / siyasal bilimler ciftanadal,2,3.0-4.0,0,Null
679,679,679,isletme,3,3.0-3.5,0,Null
680,680,680,girisimcilik,2,2.5-3.0,0,Null
681,681,681,hemsirelik,4,3.0-3.5,0,Null
682,682,682,sanat tasarim fakultesi / tekstil ve moda tasarimi,2,2.5-3.0,0,Null
683,683,683,isletme muhendisligi,1,3.0-3.5,0,Null
684,684,684,istatistik,3,3.0-3.5,0,Null
685,685,685,mimarlik,4,3.0-3.5,0,Null
686,686,686,hukuk,2,2.5-3.0,0,Null
687,687,687,endustri muhendisligi,4,2.5-3.0,0,Null
688,688,688,endustri muhendisligi,4,2.5-3.0,0,Null
689,689,689,muhendislik ve doga bilimleri,1,3.0-4.0,0,Null
690,690,690,endustri muhendisligi,3,2.5-3.0,0,Null
691,691,691,mimarlik ing,2,3.0-3.5,0,Null
692,692,692,psikoloji,2,3.0-3.5,0,Null
693,693,693,"kimya-biyoloji muhendisligi, endustri muhendisligi cift anadal",4,2.5-3.0,0,Null
694,694,694,malzeme bilimi ve muhendisligi,1,2.5-3.0,0,Null
695,695,695,uluslararasi girisimcilik,2,2.5-3.0,0,Null
696,696,696,elektrik - elektronik muhendisligi,3,2.5-3.0,0,Null
697,697,697,uluslararasi ticaret ve finansman,4,3.0-4.0,0,Null
698,698,698,ingilizce isletme,1,0.0-2.5,0,Null
699,699,699,endustri muhendisligi,4,3.0-4.0,0,Null
700,700,700,bilgisayar muhendisligi,1,Null,0,Null
701,701,701,uluslararasi iliskiler,2,3.0-4.0,0,Null
702,702,702,muhasebe bilgi sistemleri/accounting information systems,4,2.5-3.0,0,Null
703,703,703,isletme,2,3.0-3.5,0,Null
704,704,704,endustri muhendisligi,2,2.5-3.0,0,Null
705,705,705,endustri muhendisligi,3,0.0-2.5,0,Null
706,706,706,psikoloji,1,Null,0,Null
707,707,707,bilgisayar muhendisligi,4,3.0-4.0,0,Null
708,708,708,psikoloji,4,3.0-4.0,0,Null
709,709,709,cocuk gelisimi,2,2.5-3.0,0,Null
710,710,710,endustri muhendisligi,2,0.0-2.5,0,Null
711,711,711,Null,1,Null,0,Null
712,712,712,endustri muhendisligi,1,Null,0,Null
713,713,713,ceviribilim,3,3.0-4.0,0,Null
714,714,714,moda tasarim,4,2.5-3.0,0,Null
715,715,715,makine muhendisligi,3,0.0-2.5,0,Null
716,716,716,uluslararasi ticaret ve lojistik,3,2.5-3.0,0,Null
717,717,717,uluslararasi iliskiler ingilizce - siyaset bilimi ve kamu yonetimi yandal,2,3.0-4.0,0,Null
718,718,718,psikoloji/insan ve toplum bilimleri,4,3.0-4.0,0,Null
719,719,719,endustri muhendisligi,3,2.5-3.0,0,Null
720,720,720,siyaset bilimi ve uluslararasi iliskiler,1,Null,0,Null
721,721,721,ingilizce isletme,2,Null,0,Null
722,722,722,psikoloji,4,3.0-4.0,0,Null
723,723,723,mimarlik,2,3.0-4.0,0,Null
724,724,724,tip fakultesi,4,3.0-4.0,0,Null
725,725,725,endustri muhendisligi,2,3.0-3.5,0,Null
726,726,726,endustri muhendisligi,1,Null,0,Null
727,727,727,reklam tasarimi ve iletisim,1,3.0-4.0,0,Null
728,728,728,uluslararasi iliskiler- iktisatcift anadal,4,3.0-3.5,0,Null
729,729,729,bilgisayar muhendisligi,3,3.0-3.5,0,Null
730,730,730,isletmehukuk,4,3.0-4.0,0,Null
731,731,731,bilgisayar muhendisligi,2,0.0-2.5,0,Null
732,732,732,uluslararasi ticaret ve finansman / uluslararasi lojistik yonetimi cift anadal,3,3.0-4.0,0,Null
733,733,733,uluslararasi iliskiler,1,3.0-4.0,0,Null
734,734,734,sivil hava ulastirma isletmeciligi,1,3.0-4.0,0,Null
735,735,735,isletme,2,0.0-2.5,0,Null
736,736,736,endustri muhendisligi,3,3.0-3.5,0,Null
737,737,737,endustri muhendisligi-ingilizce %75 burslu,2,0.0-2.5,0,Null
738,738,738,"bilgisayar muhendisligini bitirdim, ciftdalim olan elektrik elektronik muhendisligi okuyorum",4,3.0-3.5,1,Null
739,739,739,ekonomi,2,3.0-4.0,0,Null
740,740,740,rehberlik ve psikolojik danismanlik,1,3.0-4.0,0,Null
741,741,741,isletme,3,3.0-3.5,0,Null
742,742,742,endustri muhendisligi,4,0.0-2.5,0,Null
743,743,743,yazilim muhendisligi,3,3.0-3.5,0,Null
744,744,744,ingilizce isletme,4,3.0-3.5,0,Null
745,745,745,sosyoloji ekonomi cift anadal,3,3.0-3.5,0,Null
746,746,746,lojistik yonetimi,4,3.0-3.5,0,Null
747,747,747,psikoloji ingilizce,4,3.0-3.5,0,Null
748,748,748,endustri muhendisligi,1,3.0-3.5,0,Null
749,749,749,isletme ekonomi ile cift ana dal,3,3.0-3.5,0,Null
750,750,750,uluslararasi finans,4,3.0-3.5,0,Null
751,751,751,hukuk,4,3.0-3.5,0,Null
752,752,752,endustri muhendisligi,3,3.0-3.5,0,Null
753,753,753,isletme,3,3.0-3.5,0,Null
754,754,754,isletme,2,2.5-3.0,0,Null
755,755,755,endustri muhendisligi,2,2.5-3.0,0,Null
756,756,756,insaat muhendisligi,2,3.0-3.5,0,Null
757,757,757,bilgisayar muhendisligi,1,0.0-2.5,0,Null
758,758,758,bilgisayar bilimi,2,3.0-4.0,0,Null
759,759,759,ergoterapi,3,3.0-3.5,0,Null
760,760,760,endustri muhendisligi,3,3.0-3.5,0,Null
761,761,761,endustri muhendisligi,4,2.5-3.0,0,Null
762,762,762,technology and knowledge management,3,2.5-3.0,0,Null
763,763,763,ekonomi %30 ing,4,3.0-3.5,1,Null
764,764,764,endustri muhendisligi,1,Null,0,Null
765,765,765,uluslararasi iliskiler,3,3.0-4.0,0,Null
766,766,766,elektrik ve elektronik muhendisligi,3,2.5-3.0,0,Null
767,767,767,uluslararasi iliskiler,4,3.0-4.0,0,Null
768,768,768,elektrik-elektronik muhendisligi,2,3.0-4.0,0,Null
769,769,769,kontrol ve otomasyon muhendisligi,3,Null,0,Null
770,770,770,enerji sistemleri muhendisligi-endustri muhendisligicift anadal,3,3.0-4.0,0,Null
771,771,771,mekatronik muhendisligi,3,2.5-3.0,0,Null
772,772,772,matematik muhendisligi - matematik,5,0.0-2.5,0,Null
773,773,773,bilgisayar muhendisligi,3,3.0-4.0,0,Null
774,774,774,uluslararasi iliskiler - iktisat cift anadal,4,3.0-4.0,0,Null
775,775,775,gorsel iletisim tasarimi,3,2.5-3.0,0,Null
776,776,776,ekonomi ve finans,4,3.0-4.0,1,Null
777,777,777,yazilim muhendisligi,hazirlik,Null,0,Null
778,778,778,isletme,2,3.0-3.5,0,Null
779,779,779,"uluslararasi ticaret, tam burslu",4,2.5-3.0,0,Null
780,780,780,elektrik-elektronik muhendisligi,4,3.0-3.5,0,Null
781,781,781,uluslararasi ticaret,2,2.5-3.0,0,Null
782,782,782,biyomedikal muhendisligi,hazirlik,3.0-4.0,0,Null
783,783,783,makina muhendisligi,2,3.0-3.5,0,Null
784,784,784,radyo ve televizyon ingilizce,1,3.0-4.0,0,Null
785,785,785,uluslararasi iliskiler ve avrupa birligi,3,2.5-3.0,0,Null
786,786,786,hukuk,3,3.0-3.5,0,Null
787,787,787,endustri muhendisligi,2,3.0-4.0,0,Null
788,788,788,elektrik elektronik muhendisligi,1,2.5-3.0,0,Null
789,789,789,uluslararasi iliskiler,4,Null,0,Null
790,790,790,endustri muhendisligi,3,0.0-2.5,0,Null
791,791,791,uzay muhendisligi,3,0.0-2.5,0,Null
792,792,792,halkla iliskiler,4,3.0-4.0,0,Null
793,793,793,endustri muhendisligi,3,3.0-3.5,0,Null
794,794,794,yazilim muhendisligi,3,0.0-2.5,0,Null
795,795,795,elektrik elektronik muh,3,0.0-2.5,0,Null
796,796,796,matematik,4,0.0-2.5,0,Null
797,797,797,turizm ve otel isletmeciligi,2,2.5-3.0,0,Null
798,798,798,uluslararasi ticaret,1,3.0-3.5,0,Null
799,799,799,isletme,2,0.0-2.5,0,Null
800,800,800,hukuk,2,0.0-2.5,0,Null
801,801,801,management yonetim bilimleri,3,0.0-2.5,0,Null
802,802,802,halkla iliskiler ve reklamcilik,3,3.0-3.5,0,Null
803,803,803,tip,6,3.0-3.5,0,Null
804,804,804,endustri muhendisligi,3,0.0-2.5,0,Null
805,805,805,isletme,4,0.0-2.5,0,Null
806,806,806,endustri muhendisligi,2,2.5-3.0,0,Null
807,807,807,elektrik-elektronik muhendisligi ve ekonomi cift anadal ogrencisi,4,3.0-4.0,0,Null
808,808,808,biyomedikal muhendisligi,4,0.0-2.5,0,Null
809,809,809,endustri muhendisligi,2,3.0-3.5,0,Null
810,810,810,marka iletisimi,1,3.0-3.5,1,Null
811,811,811,matemataik - ekonomi,3,2.5-3.0,0,Null
812,812,812,mimarlik,2,3.0-3.5,0,Null
813,813,813,isletme,1,3.0-4.0,0,Null
814,814,814,elektrik elektronik muhendisligi,1,0.0-2.5,0,Null
815,815,815,ekonomi,3,3.0-3.5,0,Null
816,816,816,molekuler biyoloji ve genetik,4,2.5-3.0,0,Null
817,817,817,yonetim bilimleri,3,2.5-3.0,0,Null
818,818,818,endustri muhendisligitam burslu,1,Null,0,Null
819,819,819,hukuk,1,Null,0,Null
820,820,820,uluslararasi ticaret ve isletmecilik,Null,2.5-3.0,0,Null
821,821,821,endustri muhendisligi,4,3.0-4.0,0,Null
822,822,822,antropoloji,4,2.5-3.0,0,Null
823,823,823,international trade and business,1,2.5-3.0,0,Null
824,824,824,kimya,3,2.5-3.0,0,Null
825,825,825,radyo televizyon sinema,1,Null,0,Null
826,826,826,matematik,2,3.0-4.0,0,Null
827,827,827,halkla iliskiler ve tanitim,2,3.0-3.5,0,Null
828,828,828,isletme,2,3.0-3.5,0,Null
829,829,829,iktisadi ve idari bilimler programciligi,hazirlik,Null,0,Null
830,830,830,hukuk,1,Null,0,Null
831,831,831,elektrik-elektronik muhendisligi,3,3.0-4.0,0,Null
832,832,832,isletme,2,3.0-4.0,0,Null
833,833,833,uluslararasi lojistik ve tasimacilik/cift anadal: uluslararasi ticaret ve isletmecilik,4,3.0-4.0,0,Null
834,834,834,tarih,1,Null,0,Null
835,835,835,bilgisayar muhendisligi ingilizce,3,3.0-4.0,0,Null
836,836,836,endustri muhendisligi,3,3.0-4.0,0,Null
837,837,837,mimarlik,2,3.0-4.0,0,Null
838,838,838,uluslararasi ticaret,2,3.0-4.0,0,Null
839,839,839,ekonomi,3,3.0-3.5,0,Null
840,840,840,uluslararasi iliskiler,2,3.0-4.0,0,Null
841,841,841,yonetim bilimleri fakultesi,2,0.0-2.5,0,Null
842,842,842,isletme ingilizce,1,3.0-4.0,0,Null
843,843,843,lojistik yonetimi || uluslararasi ticaret ve finansmancift anadal,4,3.0-3.5,0,Null
844,844,844,ingilizce isletme %100 burslu,1,3.0-4.0,0,Null
845,845,845,mimarlik,hazirlik,Null,0,Null
846,846,846,bilgisayar muhendisligi,4,2.5-3.0,0,Null
847,847,847,endustri muhendisligi,1,Null,0,Null
848,848,848,saglik kurumlari isletmeciligi,3,3.0-3.5,0,Null
849,849,849,isletme,2,3.0-3.5,0,Null
850,850,850,ingilizce tip,2,3.0-3.5,0,Null
851,851,851,matematik-bilgisayar,3,0.0-2.5,0,Null
852,852,852,gazetecilik,5,3.0-3.5,0,Null
853,853,853,uluslararasi ticaret ve isletmecilik,3,0.0-2.5,0,Null
854,854,854,isletme,3,2.5-3.0,0,Null
855,855,855,hukuk,3,3.0-4.0,0,Null
856,856,856,siyaset bilimi ve kamu yonetimi,2,Null,0,Null
857,857,857,molekuler biyoloji ve genetik,3,3.0-4.0,0,Null
858,858,858,endustri muhendisligi,1,Null,0,Null
859,859,859,psikolojiingilizce,1,Null,0,Null
860,860,860,hukuk,2,3.0-4.0,0,Null
861,861,861,siyaset bilimi ve kamu yonetimi,3,0.0-2.5,0,Null
862,862,862,elektronik ve haberlesme muhendisligi tam burslu,4,3.0-3.5,0,Null
863,863,863,siyaset bilimi ve kamu yonetimi,1,3.0-3.5,0,Null
864,864,864,elektrik elektronik muhendisligi%100 ingilizce,4,3.0-3.5,0,Null
865,865,865,sosyoloji,2,3.0-3.5,0,Null
866,866,866,elektronik ve haberlesme muhendisligi,Null,3.0-3.5,0,Null
867,867,867,uluslararasi ticaret ve finans ingilizce,3,0.0-2.5,0,Null
868,868,868,genetics and bioengineering,2,3.0-3.5,0,Null
869,869,869,hukuk fakultesi,3,2.5-3.0,0,Null
870,870,870,psikoloji,3,3.0-3.5,0,Null
871,871,871,endustri muhendisligi,2,0.0-2.5,0,Null
872,872,872,ekonomi,1,Null,0,Null
873,873,873,endustri muhendisligi,hazirlik,3.0-4.0,0,Null
874,874,874,bilgisayar muhendisligi,3,2.5-3.0,0,Null
875,875,875,ergoterapi,3,3.0-3.5,0,Null
876,876,876,elektrik elektronik muhendisligi,3,3.0-3.5,0,Null
877,877,877,endustri muhendisligi,3,0.0-2.5,0,Null
878,878,878,yonetim bilisim sistemlerimis ing. tam burslu,1,Null,0,Null
879,879,879,hukuk fakultesi,3,2.5-3.0,0,Null
880,880,880,tarihingilizce,3,2.5-3.0,0,Null
881,881,881,fizik,4,2.5-3.0,0,Null
882,882,882,isletme,1,Null,0,Null
883,883,883,rehberlik ve psikolojik danismanlik,3,3.0-3.5,0,Null
884,884,884,anestezi,2,Null,0,Null
885,885,885,bankacilik ve finans,4,2.5-3.0,0,Null
886,886,886,makine muhendisligi,2,0.0-2.5,0,Null
887,887,887,uluslararasi ticaret ve isletmecilik,4,2.5-3.0,0,Null
888,888,888,eczacilik,hazirlik,Null,0,Null
889,889,889,endustri muhendisligi,3,2.5-3.0,0,Null
890,890,890,hukuk,2,2.5-3.0,0,Null
891,891,891,tip fakultesi,2,2.5-3.0,0,Null
892,892,892,bilgisayar muhendisligi,4,2.5-3.0,0,Null
893,893,893,biyomedikal muh.,1,Null,0,Null
894,894,894,ingilizce matematik,1,Null,0,Null
895,895,895,endustri muhendisligi,1,3.0-3.5,0,Null
896,896,896,isletme,2,2.5-3.0,0,Null
897,897,897,uluslararasi ticaret ve finans,3,2.5-3.0,0,Null
898,898,898,isletmeingilizce,1,Null,0,Null
899,899,899,makine muhendisligi,3,2.5-3.0,0,Null
900,900,900,endustri muhendisligi,1,Null,0,Null
901,901,901,girisimcilik,3,2.5-3.0,0,Null
902,902,902,hukuk fakultesi,3,2.5-3.0,0,Null
903,903,903,elektronik ve haberlesme muhendisligi,4,0.0-2.5,0,Null
904,904,904,ulastirma ve lojistik,hazirlik,Null,0,Null
905,905,905,peyzaj mimarligi cift anadal mimarlik,3,3.0-4.0,0,Null
906,906,906,bilgisayar muhendisligi,3,3.0-4.0,0,Null
907,907,907,hemsirelik,2,Null,0,Null
908,908,908,mimarlik,1,Null,0,Null
909,909,909,psikoloji,3,2.5-3.0,0,Null
910,910,910,insaat muhendisligi,3,2.5-3.0,0,Null
911,911,911,uluslararasi ticaret ve pazarlama%100 ingilizce ve tam burslu,2,3.0-3.5,0,Null
912,912,912,bilisim sistemleri ve teknolojileri,3,3.0-4.0,0,Null
913,913,913,muhendislik ve doga bilimleri fakultesi,1,Null,0,Null
914,914,914,endustri muhendisligi-uluslararasi ticaret,4,3.0-3.5,0,Null
915,915,915,isletme,2,2.5-3.0,0,Null
916,916,916,girisimcilik,2,0.0-2.5,0,Null
917,917,917,isletme-ekonomi,1,0.0-2.5,0,Null
918,918,918,enerji sistemleri muhendisligi,4,0.0-2.5,0,Null
919,919,919,iletisim tasarimi,1,Null,0,Null
920,920,920,isletme muhendisligi,3,0.0-2.5,0,Null
921,921,921,avrupa birligi iliskileri,1,Null,0,Null
922,922,922,uluslararasi finans,4,3.0-3.5,0,Null
923,923,923,hukuk,2,3.0-3.5,0,Null
924,924,924,uluslararasi lojistik ve tasimacilikingilizce,1,3.0-3.5,0,Null
925,925,925,sabanci universitesi,3,3.0-3.5,0,Null
926,926,926,hukuk,4,0.0-2.5,0,Null
927,927,927,isletme,3,3.0-3.5,0,Null
928,928,928,uluslararasi ticaret ve lojistik,3,3.0-3.5,0,Null
929,929,929,muhasebe ve denetim,4,3.0-3.5,0,Null
930,930,930,hukuk,5,2.5-3.0,0,Null
931,931,931,bilgisayar muhendisligi,4,Null,0,Null
932,932,932,elektronik ve haberlesme muhendisligi,4,0.0-2.5,0,Null
933,933,933,halkla iliskiler ve tanitim,2,2.5-3.0,0,Null
934,934,934,isletme,4,3.0-3.5,0,Null
935,935,935,mekatronik muhendisligi,3,0.0-2.5,0,Null
936,936,936,mimarlik,4,3.0-3.5,0,Null
937,937,937,lise ogrencisiyim,hazirlik,3.0-3.5,0,Null
938,938,938,uluslararasi ticaret ve isletmecilik,2,3.0-3.5,0,Null
939,939,939,bilgisayar muhendisligi,4,0.0-2.5,0,Null
940,940,940,isletme ingilice,3,3.0-3.5,1,Null
941,941,941,isci sagligi ve guvenligi bolumu,3,3.0-3.5,0,Null
942,942,942,cocuk gelisimi,2,3.0-3.5,0,Null
943,943,943,ekonomi finans - uluslararasi iliskiler ikinci anadal,3,3.0-3.5,0,Null
944,944,944,beslenme ve diyetetik,2,3.0-3.5,0,Null
945,945,945,elektrik - elektronik muhendisligi,hazirlik,3.0-4.0,0,Null
946,946,946,uluslararasi ticaret ve isletmecilik,1,2.5-3.0,0,Null
947,947,947,endustri muhendisligi,3,3.0-4.0,0,Null
948,948,948,uluslararasi ticaret ve finans,2,2.5-3.0,0,Null
949,949,949,siyaset bilimi ve kamu yonetimi,3,3.0-4.0,0,Null
950,950,950,bilgisayar muhendisligi,3,3.0-4.0,0,Null
951,951,951,ingilizce isletme,4,3.0-4.0,0,Null
952,952,952,bilgisayar muhendisligi,1,3.0-4.0,0,Null
953,953,953,siyaset bilimi ve kamu yonetimi/sosyoloji cap,3,3.0-4.0,0,Null
954,954,954,tam burslu inglizce insaat muhendisligi,hazirlik,Null,0,Null
955,955,955,ingilizce ogretmenligi,2,3.0-4.0,0,Null
956,956,956,isletme,3,2.5-3.0,0,Null
957,957,957,girisimcilik,3,2.5-3.0,0,Null
958,958,958,hukuk,1,Null,0,Null
959,959,959,turk dili ve edebiyati,1,Null,1,Null
960,960,960,endustri muhendisligi,3,0.0-2.5,0,Null
961,961,961,orman muhendisligi,4,2.5-3.0,0,Null
962,962,962,"radyo, televizyon ve sinema// sosyolojicift anadal",4,3.0-4.0,0,Null
963,963,963,isletme ingilizce,4,2.5-3.0,0,Null
964,964,964,isletme,2,0.0-2.5,0,Null
965,965,965,isletme,4,2.5-3.0,0,Null
966,966,966,psikoloji,2,3.0-3.5,0,Null
967,967,967,elektrik-elektronik muhendisligi,2,0.0-2.5,0,Null
968,968,968,hemsirelik,3,2.5-3.0,0,Null
969,969,969,isletme,3,2.5-3.0,1,Null
970,970,970,iktisat,1,Null,0,Null
971,971,971,ascilik,1,2.5-3.0,0,Null
972,972,972,kontrol ve otomasyon muhendisligi,2,0.0-2.5,0,Null
973,973,973,isletmeingilizce,2,0.0-2.5,0,Null
974,974,974,isletme enformatigi,4,Null,0,Null
975,975,975,halkla iliskiler ve reklamcilik ingilizce,1,3.0-4.0,0,Null
976,976,976,elektrik ve elektronik muhendisligi,hazirlik,Null,0,Null
977,977,977,ekonomi,4,2.5-3.0,0,Null
978,978,978,biyomedikal muhendisligi ing,1,Null,0,Null
979,979,979,tip,2,Null,0,Null
980,980,980,"radyo, televizyon ve sinema / siyaset bilimi ve uluslararasi iliskiler",3,3.0-4.0,0,Null
981,981,981,beslenme ve diyetetik,2,3.0-3.5,0,Null
982,982,982,matematik,3,3.0-4.0,0,Null
983,983,983,matematik,1,Null,0,Null
984,984,984,elektrik elektronik muhendisligi,1,Null,0,Null
985,985,985,siyaset bilimi%100 ingilizce,2,3.0-4.0,0,Null
986,986,986,bilgisayar muhendisligi,1,3.0-4.0,0,Null
987,987,987,endustri ve sistem muhendisligi,1,Null,0,Null
988,988,988,elektrik elektronik muhendisligi,1,Null,0,Null
989,989,989,endustri muhendisligi,1,3.0-3.5,0,Null
990,990,990,endustri muhendisligi,1,Null,0,Null
991,991,991,isletme,4,3.0-3.5,0,Null
992,992,992,bilgisayar muhendisligi,3,0.0-2.5,0,Null
993,993,993,bilgisayar muhendisligi,1,3.0-3.5,0,Null
994,994,994,endustri muhendisligi,4,0.0-2.5,0,Null
995,995,995,endustri muhendisligi,4,0.0-2.5,0,Null
996,996,996,ingilizce isletme,4,0.0-2.5,0,Null
997,997,997,ingilizce mutercim tercumanlik,3,3.0-3.5,0,Null
998,998,998,bilgisayar muhendisligi,2,3.0-3.5,0,Null
999,999,999,muhasebe ve denetim,3,0.0-2.5,0,Null
1000,1000,1000,kentsel tasarim ve peyzaj mimarligi,4,2.5-3.0,0,Null
