index,Lise Adi,Lise Adi Diger,Lise Sehir,Lise Turu,Lise Bolumu,Lise Bolum Diger,Lise Mezuniyet Notu
1,ankara ataturk anadolu lisesi,Null,ankara,anadolu lisesi,sayisal,Null,3.0-3.5
2,betul can anadolu lisesi,Null,ankara,anadolu lisesi,sayisal,Null,3.0-4.0
3,batem,Null,ankara,meslek lisesi,Null,Null,3.0-3.5
4,cumhuriyet fen lisesi,Null,diyarbakir,fen lisesi,sayisal,Null,3.0-3.5
5,samanyolu lisesi,Null,ankara,Özel,esit agirlik,Null,3.0-4.0
6,oncu koleji,Null,ankara,Özel,esit agirlik,Null,3.0-4.0
7,haydarpasa lisesi,Null,istanbul,anadolu lisesi,sayisal,Null,3.0-4.0
8,mevlana anadolu lisesi,Null,istanbul,anadolu lisesi,sayisal,Null,3.0-3.5
9,fatih gelenbevi anadolu lisesi,Null,istanbul,anadolu lisesi,Null,Null,3.0-3.5
10,cumhuriyet anadolu lisesi,Null,sivas,anadolu lisesi,Null,Null,3.0-3.5
11,mustafa eraslan lisesi,Null,kayseri,duz lise,Null,Null,2.5-3.0
12,yamanlar anadolu lisesi,Null,izmir,Özel,sayisal,Null,3.0-4.0
13,yomra fen lisesi,Null,trabzon,fen lisesi,sayisal,Null,3.0-4.0
14,mesleki acik ogretim,Null,mersin,meslek lisesi,Null,Null,3.0-3.5
15,yakacik lisesi,Null,istanbul,duz lise,esit agirlik,Null,3.0-3.5
16,husnu ozyegin anadolu lisesi,Null,kars,anadolu lisesi,Null,Null,3.0-3.5
17,erdem bayazit anadolu lisesi,Null,Null,anadolu lisesi,sayisal,Null,3.0-4.0
18,meram anadolu lisesi,Null,konya,anadolu lisesi,sayisal,Null,3.0-4.0
19,atakent anadolu lisesi,Null,izmir,anadolu lisesi,sayisal,Null,3.0-3.5
20,kanuni anadolu lisesi,Null,trabzon,anadolu lisesi,sayisal,Null,3.0-4.0
21,kars alpaslan lisesi,Null,kars,duz lise,sozel,Null,2.5-3.0
22,kirsehir anadolu ogretmen lisesi,Null,kirsehir,anadolu lisesi,esit agirlik,Null,3.0-4.0
23,tarik bugra lisesi,Null,istanbul,duz lise,Null,Null,2.5-3.0
24,muzaffer cil anadolu lisesi,Null,eskisehir,anadolu lisesi,sayisal,Null,3.0-4.0
25,ozel ege lisesi,Null,izmir,anadolu lisesi,sayisal,Null,3.0-4.0
26,ozel kultur fen lisesi,Null,istanbul,fen lisesi,sayisal,Null,3.0-4.0
27,icel anadolu lisesi,Null,mersin,anadolu lisesi,sayisal,Null,3.0-4.0
28,ceas anadolu lisesi,Null,adana,anadolu lisesi,esit agirlik,Null,3.0-4.0
29,baskent universitesi ozel baskent okullari,Null,adana,anadolu lisesi,sayisal,Null,3.0-3.5
30,ahmet rasim lisesi,Null,istanbul,duz lise,Null,Null,2.5-3.0
31,sapanca anadolu lisesi,Null,sakarya,anadolu lisesi,esit agirlik,Null,3.0-4.0
32,mehmet akif ersoy anadolu lisesi,Null,istanbul,anadolu lisesi,esit agirlik,Null,2.5-3.0
33,19 mayis anadolu lisesi,Null,mersin,anadolu lisesi,Null,Null,3.0-4.0
34,gazi lisesi,Null,izmir,duz lise,sayisal,Null,3.0-4.0
35,sokullu mehmet pasa lisesi,Null,ankara,duz lise,esit agirlik,Null,3.0-3.5
36,bornova anadolu lisesi,Null,izmir,anadolu lisesi,sayisal,Null,3.0-4.0
37,beyoglu ayse ege anadolu kiz meslek lisesi,Null,istanbul,meslek lisesi,Null,Null,3.0-4.0
38,ozel biltepe lisesi,Null,osmaniye,Özel,sayisal,Null,3.0-4.0
39,fatih vatan lisesi,Null,istanbul,duz lise,esit agirlik,Null,3.0-3.5
40,yildiz tinas izmiroglu anadolu lisesi,Null,izmir,anadolu lisesi,Null,Null,3.0-3.5
41,manavgat anadolu lisesi,Null,antalya,anadolu lisesi,sayisal,Null,3.0-4.0
42,batikent lisesi,Null,ankara,duz lise,sayisal,Null,2.5-3.0
43,icel anadolu lisesi,Null,mersin,anadolu lisesi,esit agirlik,Null,3.0-4.0
44,bergama akif ersezgin anadolu lisesi,Null,izmir,anadolu lisesi,esit agirlik,Null,3.0-3.5
45,mecidiye anadolu lisesi,Null,erzurum,anadolu lisesi,sayisal,Null,3.0-4.0
46,cumhuriyet anadolu lisesi,Null,malatya,anadolu lisesi,esit agirlik,Null,3.0-4.0
47,kucukkoy anadolu teknik ve endustri meslek lisesi,Null,istanbul,meslek lisesi,bilisim teknolojileri,Null,2.5-3.0
48,akev koleji,Null,antalya,anadolu lisesi,esit agirlik,Null,3.0-3.5
49,ozel saint joseph fransiz lisesi,Null,istanbul,Özel,sayisal,Null,3.0-3.5
50,tinaztepe lisesi,Null,ankara,duz lise,esit agirlik,Null,3.0-4.0
51,bolu anadolu ogretmen lisesi,Null,bolu,anadolu lisesi,sayisal,Null,3.0-4.0
52,uskudar anadolu lisesi,Null,istanbul,anadolu lisesi,esit agirlik,Null,2.5-3.0
53,anadolu ogretmen lisesi,Null,afyonkarahisar,anadolu lisesi,fen bilimleri,Null,2.5-3.0
54,canakkale fen lisesi,Null,canakkale,fen lisesi,sayisal,Null,3.0-4.0
55,mevlana lisesi,Null,istanbul,duz lise,esit agirlik,Null,3.0-4.0
56,ali dilmen anadolu lisesi,Null,sakarya,anadolu lisesi,esit agirlik,Null,3.0-4.0
57,afyon ali caglar anadolu lisesi afyon milli piyango anadolu lisesi,Null,afyonkarahisar,anadolu lisesi,Null,Null,3.0-3.5
58,antalya anadolu lisesi,Null,antalya,anadolu lisesi,sayisal,Null,3.0-4.0
59,celal bayar anadolu lisesi,Null,Null,anadolu lisesi,esit agirlik,Null,3.0-3.5
60,gulveren lisesi,Null,ankara,duz lise,sayisal,Null,3.0-4.0
61,ikizce lisesi,Null,ordu,duz lise,esit agirlik,Null,3.0-4.0
62,caglayan lisesi,Null,antalya,duz lise,esit agirlik,Null,0.0-2.5
63,dolapoglu anadolu lisesi,Null,konya,anadolu lisesi,esit agirlik,Null,3.0-4.0
64,pursaklar ayyildiz anadolu lisesi,Null,ankara,anadolu lisesi,sayisal,Null,3.0-4.0
65,uskudar amerikan lisesi,Null,istanbul,Özel,Null,Null,2.5-3.0
66,beylikduzu cahit zarifoglu lisesi,Null,istanbul,duz lise,esit agirlik,Null,3.0-3.5
67,ted ankara koleji,Null,ankara,Özel,sayisal,Null,3.0-4.0
68,cem bakioglu anadolu lisesi,Null,izmir,anadolu lisesi,Null,Null,2.5-3.0
69,bahcesehir koleji manavgat,Null,antalya,Özel,sayisal,Null,3.0-4.0
70,ahmet kelesoglu anadolu lisesi,Null,istanbul,anadolu lisesi,esit agirlik,Null,3.0-3.5
71,tegmen ali riza akinci anadolu lisesi,Null,izmir,anadolu lisesi,sozel,Null,3.0-4.0
72,ensar koleji,Null,istanbul,Özel,esit agirlik,Null,3.0-4.0
73,izmir buca fatma saygin anadolu lisesi,Null,izmir,anadolu lisesi,esit agirlik,Null,3.0-4.0
74,florya final anadolu lisesi,Null,istanbul,anadolu lisesi,esit agirlik,Null,3.0-4.0
75,arnavutkoy korkmaz yigit anadolu lisesi,Null,istanbul,anadolu lisesi,esit agirlik,Null,3.0-4.0
76,anadolu ogretmen lisesi,Null,bartin,anadolu lisesi,esit agirlik,Null,3.0-4.0
77,fahreddin kerim gokay anadolu lisesi,Null,istanbul,anadolu lisesi,sayisal,Null,3.0-4.0
78,ergun oner mehmet oner anadolu lisesi,Null,istanbul,anadolu lisesi,esit agirlik,Null,3.0-4.0
79,sehit ali er anad. l.,Null,aksaray,anadolu lisesi,esit agirlik,Null,3.0-4.0
80,kadikoy lisesi,Null,istanbul,duz lise,Null,Null,2.5-3.0
81,izmir ataturk lisesi,Null,izmir,anadolu lisesi,fen bilimleri,Null,3.0-3.5
82,zile dincerler lisesi,Null,Null,anadolu lisesi,esit agirlik,Null,3.0-4.0
83,ozel 2023 tercuman anadolu lisesi,Null,istanbul,Özel,sayisal,Null,3.0-4.0
84,canik anadolu lisesi,Null,samsun,anadolu lisesi,sayisal,Null,3.0-4.0
85,mehmet akif ersoy anadolu lisesi,Null,bingol,anadolu lisesi,sozel,Null,3.0-4.0
86,ulubatli hasan anadolu lisesi,Null,bursa,anadolu lisesi,esit agirlik,Null,3.0-4.0
87,yusuf kalkavan anadolu lisesi,Null,mersin,anadolu lisesi,sayisal,Null,3.0-4.0
88,ozel derya oncu anadolu lisesi,Null,istanbul,anadolu lisesi,esit agirlik,Null,2.5-3.0
89,konak anadolu lisesi,Null,izmir,anadolu lisesi,sayisal,Null,3.0-4.0
90,antalya anadolu lisesi,Null,antalya,anadolu lisesi,sayisal,Null,2.5-3.0
91,sehremini anadolu lisesi,Null,istanbul,anadolu lisesi,fen bilimleri,Null,3.0-4.0
92,bafra anadolu lisesi,Null,samsun,anadolu lisesi,Null,Null,3.0-4.0
93,acikogretim lisesi,Null,ankara,duz lise,esit agirlik,Null,2.5-3.0
94,sirri yircali anadolu lisesi,Null,balikesir,anadolu lisesi,sayisal,Null,3.0-4.0
95,behcet kemal caglar anadolu lisesi,Null,istanbul,duz lise,esit agirlik,Null,3.0-3.5
96,haci omer tarman anadolu lisesi,Null,ankara,anadolu lisesi,Null,Null,3.0-4.0
97,balikesir sirri yircali anadolu lisesi,Null,balikesir,anadolu lisesi,sayisal,Null,3.0-4.0
98,beylikduzu 75.yil cumhuriyet lisesi,Null,istanbul,duz lise,esit agirlik,Null,0.0-2.5
99,kayseri anadolu lisesi,Null,kayseri,anadolu lisesi,sayisal,Null,3.0-3.5
100,mudanya sami evkuran anadolu lisesi,Null,bursa,anadolu lisesi,sayisal,Null,3.0-3.5
101,samanyolu koleji,Null,ankara,Özel,esit agirlik,Null,3.0-4.0
102,gediktas lisesi,Null,istanbul,duz lise,sayisal,Null,3.0-4.0
103,turgutlu senem aka anadolu lisesi,Null,manisa,anadolu lisesi,esit agirlik,Null,3.0-3.5
104,turgutlu senem aka anadolu lisesi,Null,manisa,anadolu lisesi,esit agirlik,Null,3.0-3.5
105,soma anadolu ogretmen lisesi,Null,Null,anadolu lisesi,esit agirlik,Null,2.5-3.0
106,intas,Null,istanbul,duz lise,Null,Null,3.0-3.5
107,selahattin akbilek lisesi,Null,ankara,duz lise,esit agirlik,Null,3.0-4.0
108,ortaklar anadolu ogretmen lisesi,Null,aydin,anadolu lisesi,esit agirlik,Null,3.0-4.0
109,bursa ataturk anadolu lisesi,Null,bursa,anadolu lisesi,esit agirlik,Null,3.0-4.0
110,mahmut arslan anadolu lisesi,Null,mersin,anadolu lisesi,sozel,Null,3.0-4.0
111,gulizar zeki obdan anadolu lisesi,Null,istanbul,duz lise,esit agirlik,Null,2.5-3.0
112,samsun cumhuriyet lisesi,Null,samsun,duz lise,esit agirlik,Null,2.5-3.0
113,ozel erkul tunagur fen lisesi,Null,kocaeli,fen lisesi,sayisal,Null,3.0-4.0
114,buca kiz teknik ve meslek lisesi,Null,izmir,meslek lisesi,Null,Null,3.0-4.0
115,kirkkonaklar anadolu lisesi,Null,ankara,anadolu lisesi,esit agirlik,Null,3.0-4.0
116,atakoy cumhuriyet anadolu lisesi,Null,istanbul,anadolu lisesi,Null,Null,3.0-3.5
117,karabuk anadolu ogretmen lisesi,Null,karabuk,anadolu lisesi,esit agirlik,Null,3.0-3.5
118,ozel nilufer rafet kahraman anadolu lisesi,Null,bursa,anadolu lisesi,esit agirlik,Null,3.0-4.0
119,guner akin,Null,istanbul,duz lise,Null,Null,3.0-3.5
120,meram fen lisesi,Null,konya,fen lisesi,Null,Null,3.0-4.0
121,ertugrulgazi lisesi,Null,bilecik,duz lise,sozel,Null,3.0-4.0
122,vali vecdi gonul anadolu lisesi,Null,izmir,anadolu lisesi,esit agirlik,Null,3.0-4.0
123,fatih vatan lisesi,Null,istanbul,duz lise,esit agirlik,Null,3.0-3.5
124,prof. dr. mumtaz turhan sosyal bilimler lisesi,Null,istanbul,fen lisesi,Null,Null,3.0-4.0
125,suleyman nazif anadolu lisesi,Null,istanbul,anadolu lisesi,esit agirlik,Null,3.0-3.5
126,besiktas anadolu lisesi,Null,istanbul,anadolu lisesi,Null,Null,3.0-3.5
127,atakoy cumhuriyet lisesi,Null,istanbul,duz lise,sayisal,Null,3.0-4.0
128,bornova anadolo lisesi,Null,izmir,anadolu lisesi,sayisal,Null,3.0-4.0
129,izmir fen lisesi,Null,izmir,fen lisesi,sayisal,Null,3.0-3.5
130,gazi koleji,Null,ankara,Özel,esit agirlik,Null,2.5-3.0
131,levent aydin anadolu lisesi,Null,antalya,anadolu lisesi,esit agirlik,Null,3.0-4.0
132,ozel darica fatih anadolu lisesi,Null,kocaeli,Özel,esit agirlik,Null,3.0-4.0
133,tavsanli imkb anadolu ogretmen lisesi,Null,kutahya,anadolu lisesi,esit agirlik,Null,3.0-4.0
134,ari fen lisesi,Null,ankara,fen lisesi,sayisal,Null,3.0-4.0
135,ahmet buhan lisesi,Null,istanbul,duz lise,esit agirlik,Null,2.5-3.0
136,nevzat ayaz anadolu lisesi,Null,diyarbakir,anadolu lisesi,sayisal,Null,3.0-4.0
137,ankara anadolu lisesi,Null,ankara,anadolu lisesi,esit agirlik,Null,3.0-3.5
138,karsiyaka anadolu iletisim meslek lisesi,Null,izmir,meslek lisesi,Null,Null,3.0-3.5
139,kirkkonaklar anadolu lisesi,Null,ankara,anadolu lisesi,sayisal,Null,3.0-4.0
140,haci omer tarman anadolu lisesi,Null,ankara,anadolu lisesi,sayisal,Null,3.0-3.5
141,milli piyango anadolu lisesi,Null,izmir,anadolu lisesi,sayisal,Null,2.5-3.0
142,eyup anadolu lisesi,Null,istanbul,anadolu lisesi,esit agirlik,Null,3.0-3.5
143,cagaloglu anadolu lisesi,Null,istanbul,anadolu lisesi,Null,Null,3.0-3.5
144,gemlik lisesi,Null,bursa,duz lise,sozel,Null,3.0-3.5
145,luleburgaz anadolu teknik lisesi,Null,kirklareli,meslek lisesi,bilisim teknolojileri,Null,3.0-4.0
146,ozel bilkent lisesi,Null,ankara,Özel,sayisal,Null,3.0-4.0
147,acik ogretim lisesi,Null,aydin,duz lise,sozel,Null,3.0-4.0
148,tekirdag anadolu lisesi,Null,tekirdag,anadolu lisesi,dil,Null,3.0-4.0
149,suleyman demirel anadolu lisesi,Null,aydin,anadolu lisesi,sayisal,Null,3.0-4.0
150,karatay lisesi,Null,Null,duz lise,esit agirlik,Null,3.0-4.0
151,dundar ciloglu anadolu lisesi,Null,manisa,anadolu lisesi,esit agirlik,Null,3.0-4.0
152,ataturk anadolu lisesi,Null,antalya,anadolu lisesi,esit agirlik,Null,3.0-3.5
153,sultan murat fen lisesi,Null,sivas,fen lisesi,sayisal,Null,3.0-4.0
154,izmir mustafa kemal lisesi,Null,izmir,duz lise,fen bilimleri,Null,3.0-3.5
155,guzelbahce 60.yil anadolu lisesi,Null,izmir,anadolu lisesi,sayisal,Null,3.0-3.5
156,eti lisesi,Null,corum,duz lise,sayisal,Null,3.0-3.5
157,m.e.v. ozel avni akyol lisesi,Null,izmir,anadolu lisesi,esit agirlik,Null,3.0-4.0
158,bafra anadolu lisesi,Null,samsun,anadolu lisesi,esit agirlik,Null,3.0-4.0
159,ozel erkul tunagur fen lisesi,Null,kocaeli,fen lisesi,sayisal,Null,3.0-4.0
160,kemer fatma turgut sen anadolu lisesi,Null,antalya,anadolu lisesi,fen bilimleri,Null,3.0-4.0
161,ahmet yesevi,Null,ankara,duz lise,fen bilimleri,Null,3.0-3.5
162,namik kemal anadolu lisesi,Null,izmir,anadolu lisesi,esit agirlik,Null,3.0-3.5
163,glendale high school,Null,Null,duz lise,Null,Null,3.0-3.5
164,izmir fen lisesi,Null,izmir,fen lisesi,sayisal,Null,2.5-3.0
165,bakirkoy lisesi,Null,istanbul,duz lise,esit agirlik,Null,3.0-3.5
166,karadeniz eregli anadolu lisesi,Null,zonguldak,anadolu lisesi,sayisal,Null,3.0-4.0
167,izmir ataturk lisesi,Null,izmir,anadolu lisesi,esit agirlik,Null,3.0-3.5
168,75. yil anadolu lisesi,Null,adana,anadolu lisesi,esit agirlik,Null,3.0-3.5
169,sincan fatih anadolu lisesi,Null,ankara,anadolu lisesi,fen bilimleri,Null,3.0-4.0
170,mustafa hakan guvencer anadolu lisesi,Null,ankara,anadolu lisesi,sayisal,Null,3.0-3.5
171,adem tolunay anadolu lisesi,Null,antalya,anadolu lisesi,esit agirlik,Null,3.0-4.0
172,figen sakallioglu anadolu lisesi,Null,sakarya,anadolu lisesi,esit agirlik,Null,3.0-4.0
173,ataturk anadolu lisesi,Null,aydin,anadolu lisesi,esit agirlik,Null,3.0-4.0
174,sehzade mehmet koleji,Null,manisa,anadolu lisesi,sayisal,Null,3.0-4.0
175,marmaris nurettin gencalioglu anadolu lisesi,Null,mugla,anadolu lisesi,sayisal,Null,3.0-4.0
176,prof.dr. mumtaz turhan sosyal bilimler lisesi,Null,istanbul,anadolu lisesi,esit agirlik,Null,3.0-4.0
177,izmir ozel turk koleji fen lisesi,Null,izmir,fen lisesi,Null,Null,3.0-3.5
178,adem tolunay anadolu lisesi,Null,antalya,anadolu lisesi,sayisal,Null,3.0-4.0
179,kadikoy anadolu lisesi,Null,istanbul,anadolu lisesi,esit agirlik,Null,3.0-4.0
180,sehit erkan ozcan anadolu lisesi,Null,izmir,anadolu lisesi,esit agirlik,Null,3.0-4.0
181,guner akin lisesi,Null,istanbul,duz lise,esit agirlik,Null,3.0-3.5
182,cankaya anadolu lisesi,Null,ankara,anadolu lisesi,esit agirlik,Null,3.0-4.0
183,tekirdag ebru nayim fen lisesi,Null,tekirdag,fen lisesi,sayisal,Null,2.5-3.0
184,levent aydin anadolu lisesi,Null,antalya,anadolu lisesi,esit agirlik,Null,3.0-4.0
185,bayrakli lisesi,Null,izmir,duz lise,esit agirlik,Null,3.0-4.0
186,zonguldak ataturk anadolu lisesi,Null,zonguldak,anadolu lisesi,sayisal,Null,3.0-4.0
187,elif serenay,Null,Null,anadolu lisesi,esit agirlik,Null,3.0-3.5
188,ankara fen lisesi,Null,ankara,fen lisesi,fen bilimleri,Null,3.0-4.0
189,canakkale denizcilik anadolu meslek lises,Null,canakkale,meslek lisesi,Null,Null,2.5-3.0
190,"bahcesehir koleji, bahcesehir fen ve teknoloji lisesi",Null,istanbul,Özel,Null,Null,3.0-3.5
191,mustafa eminoglu anadolu lisesi,Null,kayseri,anadolu lisesi,esit agirlik,Null,3.0-4.0
192,ozel nilufer fen lisesi,Null,bursa,fen lisesi,sayisal,Null,3.0-4.0
193,cumhuriyet lisesi,Null,eskisehir,anadolu lisesi,esit agirlik,Null,2.5-3.0
194,tokat anadolu lisesi,Null,tokat,anadolu lisesi,esit agirlik,Null,3.0-4.0
195,behiye dr. nevhiz isil anadolu lisesi,Null,istanbul,anadolu lisesi,fen bilimleri,Null,3.0-3.5
196,cibali,Null,istanbul,duz lise,esit agirlik,Null,2.5-3.0
197,kadikoy anadolu lisesi,Null,istanbul,anadolu lisesi,sayisal,Null,3.0-3.5
198,biga ataturk anadolu lisesi,Null,canakkale,anadolu lisesi,sayisal,Null,3.0-4.0
199,erdem koleji,Null,gaziantep,Özel,sayisal,Null,3.0-4.0
200,ozel amerikan robert lisesi,Null,istanbul,Özel,esit agirlik,Null,2.5-3.0
201,bayrampasa rifat canayakin lisesi,Null,istanbul,duz lise,fen bilimleri,Null,3.0-4.0
202,mersin ticaret ve sanayi odasi anadolu lisesi,Null,mersin,anadolu lisesi,esit agirlik,Null,3.0-3.5
203,cumhuriyet anadolu lisesi,Null,ankara,anadolu lisesi,sayisal,Null,3.0-4.0
204,mevlana anadolu lisesi,Null,istanbul,anadolu lisesi,sayisal,Null,3.0-3.5
205,mevlana lisesi,Null,istanbul,duz lise,fen bilimleri,Null,3.0-4.0
206,hasan colak anadolu lisesi,Null,Null,anadolu lisesi,esit agirlik,Null,3.0-3.5
207,fetih anadolu lisesi,Null,istanbul,anadolu lisesi,Null,Null,3.0-4.0
208,ozel samanyolu cemal sasmaz koleji,Null,ankara,Özel,esit agirlik,Null,3.0-4.0
209,polatli anadolu lisesi,Null,ankara,anadolu lisesi,sayisal,Null,3.0-4.0
210,mustafa eraslan lisesi,Null,kayseri,duz lise,sayisal,Null,3.0-4.0
211,cumhuriyet anadolu lisesi,Null,duzce,anadolu lisesi,esit agirlik,Null,2.5-3.0
212,necati dolen lisesi,Null,antalya,duz lise,fen bilimleri,Null,3.0-3.5
213,anamur kiz teknik ve meslek lisesi,Null,mersin,meslek lisesi,cocuk gelisimi,Null,3.0-4.0
214,adem tolunay anadolu lisesi,Null,antalya,anadolu lisesi,esit agirlik,Null,2.5-3.0
215,malatya anadolu lisesi,Null,malatya,anadolu lisesi,fen bilimleri,Null,3.0-4.0
216,imkb anadolu ogretmen lisesi,Null,adana,anadolu lisesi,sayisal,Null,3.0-4.0
217,aksaray fen lisesi,Null,aksaray,fen lisesi,sayisal,Null,3.0-4.0
218,ozel saint joseph fransiz lisesi,Null,istanbul,Özel,sayisal,Null,3.0-4.0
219,nevzat ayaz anadolu lisesi,Null,istanbul,anadolu lisesi,sayisal,Null,3.0-3.5
220,haydarpasa anadolu lisesi,Null,istanbul,anadolu lisesi,sayisal,Null,3.0-3.5
221,istek atanur oguz,Null,istanbul,anadolu lisesi,fen bilimleri,Null,3.0-4.0
222,ozel bilkent erzurum laboratuar lisesi,Null,Null,Özel,sayisal,Null,3.0-3.5
223,karsiyaka,Null,izmir,anadolu lisesi,fen bilimleri,Null,3.0-3.5
224,hekimhan lisesi,Null,malatya,duz lise,esit agirlik,Null,3.0-4.0
225,umraniye endustri meslek lisesi,Null,istanbul,meslek lisesi,Null,Null,3.0-3.5
226,alanya anadolu teknik lisesi,Null,antalya,meslek lisesi,bilisim teknolojileri,Null,3.0-3.5
227,turk telekom mehmet kaplan sosyal bilimler lisesi,Null,ankara,fen lisesi,Null,Null,3.0-4.0
228,besiktas sakip sabanci anadolu lisesi,Null,Null,anadolu lisesi,esit agirlik,Null,3.0-3.5
229,salihli anadolu imam hatip lisesi,Null,manisa,imam hatip lisesi,Null,Null,3.0-4.0
230,necip fazil kisakurek lisesi,Null,istanbul,duz lise,esit agirlik,Null,3.0-4.0
231,mehmet sam anadolu ticaret meslek lisesi,Null,istanbul,meslek lisesi,bilisim teknolojileri,Null,3.0-3.5
232,yuksekova lisesi,Null,hakkari,duz lise,esit agirlik,Null,3.0-4.0
233,kuvendi i arberit,Null,Null,duz lise,Null,Null,3.0-4.0
234,sanliurfa gap anadolu lisesi,Null,sanliurfa,anadolu lisesi,sayisal,Null,3.0-3.5
235,ozel devran anadolu lisesi,Null,istanbul,anadolu lisesi,sayisal,Null,3.0-4.0
236,nevzat karalp anadolu lisesi,Null,denizli,anadolu lisesi,fen bilimleri,Null,3.0-4.0
237,fahreddin kerim gokay,Null,istanbul,anadolu lisesi,esit agirlik,Null,3.0-4.0
238,emire gozu lisesi,Null,mardin,duz lise,esit agirlik,Null,3.0-3.5
239,pertevniyal anadolu lisesi,Null,istanbul,anadolu lisesi,Null,Null,3.0-4.0
240,malatya imam hatip lisesi,Null,malatya,imam hatip lisesi,sayisal,Null,3.0-3.5
241,kadriye calik anadolu lisesi,Null,kahramanmaras,anadolu lisesi,sayisal,Null,3.0-3.5
242,adnan menderes anadolu lisesi,Null,istanbul,anadolu lisesi,sayisal,Null,3.0-3.5
243,hurriyet anadolu lisesi,Null,ankara,anadolu lisesi,esit agirlik,Null,2.5-3.0
244,besiktas anadolu lisesi,Null,istanbul,anadolu lisesi,sayisal,Null,3.0-4.0
245,yuvacik mehmet suha ucar lojistik anadolu meslek lisesi,Null,kocaeli,meslek lisesi,Null,Null,3.0-3.5
246,milas cumhuriyet anadolu lisesi,Null,mugla,anadolu lisesi,sayisal,Null,3.0-3.5
247,elvankent bilgi anadolu lisesi,Null,ankara,anadolu lisesi,sayisal,Null,3.0-4.0
248,karamursel anadolu lisesi,Null,kocaeli,anadolu lisesi,sayisal,Null,3.0-4.0
249,ankara lisesi anadolu,Null,ankara,anadolu lisesi,fen bilimleri,Null,3.0-3.5
250,ankara milli egitim vakfi koleji,Null,ankara,anadolu lisesi,Null,Null,3.0-4.0
251,turgutlu anadolu lisesi,Null,manisa,anadolu lisesi,esit agirlik,Null,3.0-3.5
252,ted ankara koleji,Null,ankara,Özel,sayisal,Null,3.0-3.5
253,karsiyaka atakent anadolu lisesi,Null,izmir,anadolu lisesi,esit agirlik,Null,2.5-3.0
254,konak anadolu lisesi,Null,izmir,anadolu lisesi,esit agirlik,Null,3.0-4.0
255,kirklareli anadolu lisesi,Null,kirklareli,anadolu lisesi,Null,Null,3.0-4.0
256,trabzon anadolu lisesi,Null,trabzon,anadolu lisesi,esit agirlik,Null,3.0-4.0
257,edremit anadolu lisesi,Null,balikesir,anadolu lisesi,esit agirlik,Null,2.5-3.0
258,karatay suleyman demirel milli piyango anadolu lisesi,Null,konya,anadolu lisesi,sayisal,Null,3.0-4.0
259,huseyin burge anadolu lisesi,Null,istanbul,anadolu lisesi,esit agirlik,Null,2.5-3.0
260,nazilli anadolu lisesi,Null,aydin,anadolu lisesi,Null,Null,3.0-3.5
261,kalaba,Null,ankara,duz lise,esit agirlik,Null,3.0-3.5
262,ted koleji,Null,Null,Özel,esit agirlik,Null,3.0-4.0
263,odtu gelistirme vakfi ozel lisesi,Null,ankara,Özel,sayisal,Null,3.0-3.5
264,izmir kiz lisesi,Null,izmir,anadolu lisesi,esit agirlik,Null,3.0-4.0
265,narlidere anadolu lisesi,Null,izmir,anadolu lisesi,esit agirlik,Null,3.0-3.5
266,istanbul ataturk anadolu lisesi,Null,istanbul,anadolu lisesi,Null,Null,3.0-4.0
267,anadolu erkek lisesi,Null,bursa,anadolu lisesi,esit agirlik,Null,3.0-4.0
268,sehremini anadolu lisesi,Null,Null,anadolu lisesi,esit agirlik,Null,3.0-3.5
269,kirimli fazilet olcay anadolu lisesi,Null,istanbul,anadolu lisesi,esit agirlik,Null,3.0-4.0
270,muammer dereli anadolu ogretmen lisesi,Null,kocaeli,anadolu lisesi,sayisal,Null,3.0-4.0
271,aydin suleyman demirel anadolu lisesi,Null,aydin,anadolu lisesi,fen bilimleri,Null,3.0-4.0
272,uskudar halide edip adivar lisesi,Null,istanbul,duz lise,fen bilimleri,Null,3.0-3.5
273,bursa celebi mehmet lisesi,Null,bursa,duz lise,sozel,Null,3.0-4.0
274,mehmet celikel anadolu lisesi,Null,zonguldak,anadolu lisesi,esit agirlik,Null,3.0-4.0
275,diltas anadolu lisesi,Null,konya,anadolu lisesi,Null,Null,3.0-4.0
276,mugla anadolu lisesi,Null,mugla,anadolu lisesi,sayisal,Null,3.0-3.5
277,karsiyaka emlakbank suleyman demirel anadolu lisesi,Null,izmir,anadolu lisesi,esit agirlik,Null,3.0-4.0
278,sivas fen lisesi,Null,sivas,fen lisesi,sayisal,Null,3.0-4.0
279,izmir turk koleji,Null,izmir,anadolu lisesi,esit agirlik,Null,3.0-4.0
280,umraniye imam hatip lisesi,Null,istanbul,imam hatip lisesi,Null,Null,0.0-2.5
281,fethiye fatih anadolu,Null,Null,duz lise,esit agirlik,Null,3.0-3.5
282,manisa anadolu ogretmen lisesi,Null,manisa,anadolu lisesi,sayisal,Null,3.0-4.0
283,sakarya anadolu lisesi,Null,sakarya,anadolu lisesi,Null,Null,3.0-4.0
284,avcilar suleyman nazif anadolu lisesi,Null,istanbul,duz lise,esit agirlik,Null,2.5-3.0
285,istanbul erkek lisesi,Null,istanbul,anadolu lisesi,sayisal,Null,3.0-3.5
286,ismail safa ozler almanca anadolu lisesi,Null,adana,anadolu lisesi,sayisal,Null,3.0-3.5
287,konya meram fen lisesi,Null,konya,fen lisesi,sayisal,Null,3.0-4.0
288,cukurova elektrik anadolu lisesi,Null,kahramanmaras,anadolu lisesi,Null,Null,3.0-3.5
289,esenyurt nakipoglu cumhuriyet anadolu lisesi,Null,istanbul,anadolu lisesi,sayisal,Null,3.0-3.5
290,ozel esayan lisesi,Null,istanbul,Özel,Null,Null,3.0-3.5
291,denizli anadolu lisesi,Null,denizli,anadolu lisesi,Null,Null,3.0-4.0
292,samanyolu,Null,ankara,Özel,esit agirlik,Null,3.0-3.5
293,13 nisan anadolu lisesi,Null,izmir,anadolu lisesi,sayisal,Null,3.0-4.0
294,kirikkale fen lisesi,Null,kirikkale,fen lisesi,Null,Null,3.0-4.0
295,nuh mehmet kucukcalik anadolu lisesi,Null,kayseri,anadolu lisesi,fen bilimleri,Null,3.0-4.0
296,bandirma anadolu ogretmen lisesi,Null,Null,anadolu lisesi,sayisal,Null,3.0-4.0
297,mugla gazi anadolu lisesi,Null,mugla,anadolu lisesi,esit agirlik,Null,3.0-3.5
298,sehremini anadolu lisesi,Null,istanbul,anadolu lisesi,fen bilimleri,Null,3.0-4.0
299,alanya hasan colak anadolu lisesi,Null,antalya,anadolu lisesi,fen bilimleri,Null,3.0-4.0
300,altinbasak kolej,Null,isparta,Özel,esit agirlik,Null,3.0-4.0
301,mustafa saffet anadolu lisesi,Null,istanbul,anadolu lisesi,esit agirlik,Null,3.0-3.5
302,ataturk anadolu lisesi,Null,antalya,anadolu lisesi,sayisal,Null,3.0-4.0
303,ibrahim turhan anadolu,Null,istanbul,anadolu lisesi,sozel,Null,3.0-4.0
304,viransehir anadolu lisesi,Null,sanliurfa,anadolu lisesi,esit agirlik,Null,3.0-4.0
305,umraniye lisesi,Null,istanbul,duz lise,esit agirlik,Null,3.0-3.5
306,adile mermerci anadolu lisesi,Null,istanbul,anadolu lisesi,sayisal,Null,3.0-4.0
307,ermenek imkb anadolu ogretmen lisesi,Null,karaman,anadolu lisesi,sayisal,Null,3.0-4.0
308,tekirdag anadolu ogretmen lisesi,Null,tekirdag,meslek lisesi,sayisal,Null,3.0-4.0
309,mustafa dogan anadolu lisesi,Null,erzincan,anadolu lisesi,dil,Null,3.0-3.5
310,ozel ceceli anadolu lisesi,Null,ankara,anadolu lisesi,esit agirlik,Null,3.0-4.0
311,izmir cengiz aytmatov sosyal bilimler lisesi,Null,izmir,fen lisesi,esit agirlik,Null,3.0-4.0
312,kirklareli fen lisesi,Null,kirklareli,fen lisesi,sayisal,Null,3.0-4.0
313,ozel fatih sultan lisesi,Null,Null,Özel,esit agirlik,Null,3.0-4.0
314,samanyolu koleji,Null,ankara,Özel,sayisal,Null,3.0-4.0
315,nevzat saygan-levent saygan anadolu lisesi,Null,antalya,anadolu lisesi,sayisal,Null,3.0-3.5
316,istek acibadem fen lisesi,Null,istanbul,fen lisesi,Null,Null,3.0-3.5
317,modern educational complex,Null,Null,Özel,sayisal,Null,3.0-4.0
318,sevket pozcu lisesi,Null,mersin,duz lise,fen bilimleri,Null,2.5-3.0
319,golbasi anadolu lisesi,Null,ankara,anadolu lisesi,esit agirlik,Null,2.5-3.0
320,robert college,Null,istanbul,Özel,esit agirlik,Null,3.0-3.5
321,kirikkale anadolu ogretmen lisesi,Null,kirikkale,anadolu lisesi,esit agirlik,Null,3.0-4.0
322,simav anadolu ogretmen lisesi,Null,kutahya,anadolu lisesi,sayisal,Null,3.0-4.0
323,acik ogretim lisesi,Null,izmir,duz lise,sozel,Null,3.0-3.5
324,yusuf kalkavan anadolu lisesi,Null,mersin,anadolu lisesi,esit agirlik,Null,3.0-3.5
325,acik lise,Null,Null,duz lise,esit agirlik,Null,3.0-3.5
326,batman anadolu lisesi,Null,batman,anadolu lisesi,Null,Null,3.0-3.5
327,akdeniz lisesi,Null,mersin,duz lise,esit agirlik,Null,3.0-3.5
328,fevzi cakmak anadolu lisesi,Null,kayseri,anadolu lisesi,esit agirlik,Null,3.0-3.5
329,cumhuriyet anadolu lisesi,Null,ankara,anadolu lisesi,esit agirlik,Null,3.0-4.0
330,haydarpasa anadolu lisesi,Null,istanbul,anadolu lisesi,esit agirlik,Null,3.0-4.0
331,beyoglu anadolu imam hatip lisesi,Null,istanbul,imam hatip lisesi,Null,Null,3.0-3.5
332,necmi asfuroglu,Null,hatay,anadolu lisesi,esit agirlik,Null,3.0-3.5
333,mersin mehmet adnan ozcelik anadolu lisesi,Null,mersin,anadolu lisesi,sayisal,Null,3.0-3.5
334,cemal bozkurt anadolu lisesi,Null,kayseri,anadolu lisesi,esit agirlik,Null,3.0-3.5
335,buca 85.yil anadolu lisesi,Null,izmir,anadolu lisesi,esit agirlik,Null,3.0-4.0
336,24 kasim anadolu lisesi,Null,osmaniye,anadolu lisesi,dil,Null,3.0-4.0
337,ozel yakacik doga anadolu lisesi,Null,istanbul,anadolu lisesi,esit agirlik,Null,3.0-4.0
338,yamanlar,Null,izmir,Özel,sayisal,Null,3.0-4.0
339,sema yazar anadolu lisesi,Null,kayseri,anadolu lisesi,fen bilimleri,Null,3.0-4.0
340,tokat m.p.i.b fen lisesi,Null,tokat,fen lisesi,sayisal,Null,3.0-4.0
341,cumhuriyet lisesi,Null,istanbul,duz lise,esit agirlik,Null,3.0-4.0
342,sincan suleyman demirel anadolu lisesi,Null,ankara,anadolu lisesi,sayisal,Null,3.0-4.0
343,alanya anadolu lisesi,Null,antalya,anadolu lisesi,Null,Null,3.0-3.5
344,adem tolunay anadolu lisesi,Null,antalya,anadolu lisesi,esit agirlik,Null,3.0-4.0
345,20 mayis vakfi turgut ozal anadolu lisesi,Null,malatya,duz lise,esit agirlik,Null,3.0-3.5
346,gaziantep bayraktar lisesi,Null,gaziantep,duz lise,Null,Null,3.0-4.0
347,derince necip fazil anadolu lisesi,Null,kocaeli,anadolu lisesi,sayisal,Null,3.0-4.0
348,ozel tan anadolu lisesi,Null,bursa,Özel,esit agirlik,Null,3.0-4.0
349,emirsultan anadolu lisesi,Null,bursa,anadolu lisesi,Null,Null,3.0-4.0
350,bahcelievler lisesi,Null,istanbul,duz lise,Null,Null,3.0-3.5
351,kangal lisesi,Null,sivas,duz lise,esit agirlik,Null,3.0-4.0
352,buyuksehir huseyin yildiz anadolu lisesi,Null,istanbul,anadolu lisesi,sayisal,Null,3.0-3.5
353,izmir ataturk lisesi,Null,izmir,anadolu lisesi,esit agirlik,Null,3.0-4.0
354,ahmet hakki balcioglu tml,Null,izmir,meslek lisesi,Null,Null,3.0-4.0
355,denizlispor koleji,Null,denizli,Özel,esit agirlik,Null,2.5-3.0
356,osman nuri hekimoglu anadolu lisesi,Null,konya,anadolu lisesi,sayisal,Null,3.0-4.0
357,ozel bilfen lisesi:,Null,istanbul,Özel,sayisal,Null,3.0-4.0
358,antalya koleji,Null,antalya,Özel,esit agirlik,Null,3.0-3.5
359,yamanlar bedri sasal lisesi,Null,izmir,anadolu lisesi,esit agirlik,Null,3.0-4.0
360,ataturk lisesi,Null,sakarya,duz lise,sayisal,Null,3.0-4.0
361,ceas anadolu lisesi,Null,adana,anadolu lisesi,sayisal,Null,3.0-4.0
362,avusturya lisesi,Null,istanbul,Özel,sayisal,Null,3.0-4.0
363,robert,Null,Null,Özel,esit agirlik,Null,3.0-4.0
364,eyup anadolu lisesi,Null,istanbul,anadolu lisesi,Null,Null,3.0-4.0
365,nevsehir anadolu ogretmen lisesi,Null,nevsehir,anadolu lisesi,Null,Null,3.0-4.0
366,sehit nedim tugaltay lisesi,Null,corum,duz lise,sayisal,Null,3.0-4.0
367,namik kemal lisesi,Null,diyarbakir,duz lise,esit agirlik,Null,3.0-3.5
368,bahcelievler cumhuriyet anadolu lisesi,Null,istanbul,anadolu lisesi,sayisal,Null,3.0-4.0
369,adana anadolu lisesi,Null,adana,anadolu lisesi,sayisal,Null,3.0-4.0
370,cihanbeyli anadolu lisesi,Null,konya,anadolu lisesi,Null,Null,3.0-3.5
371,samiha ayverdi anadolu lisesi,Null,istanbul,anadolu lisesi,sayisal,Null,3.0-4.0
372,nuh mehmet baldoktu anadolu lisesi,Null,kayseri,anadolu lisesi,fen bilimleri,Null,3.0-3.5
373,izmir karsiyaka lisesi,Null,izmir,anadolu lisesi,esit agirlik,Null,2.5-3.0
374,antalya lisesi anadolu,Null,antalya,anadolu lisesi,sayisal,Null,3.0-4.0
375,ciragan fen lisesi,Null,kocaeli,fen lisesi,sayisal,Null,3.0-4.0
376,ozel aziziye lisesi,Null,erzurum,Özel,sayisal,Null,2.5-3.0
377,ulgan konukoglu lisesi,Null,gaziantep,duz lise,sayisal,Null,3.0-3.5
378,mehmetcik lisesi,Null,istanbul,duz lise,esit agirlik,Null,3.0-4.0
379,malkara anadolu lisesi,Null,tekirdag,anadolu lisesi,Null,Null,3.0-4.0
380,imkb anadolu lisesi,Null,gaziantep,anadolu lisesi,sayisal,Null,3.0-4.0
381,meram fen lisesi,Null,konya,fen lisesi,Null,Null,3.0-4.0
382,malatya fen lisesi,Null,malatya,fen lisesi,fen bilimleri,Null,3.0-3.5
383,ellek cok programli lise,Null,Null,duz lise,esit agirlik,Null,3.0-3.5
384,mecidiyekoy lisesi,Null,istanbul,duz lise,fen bilimleri,Null,3.0-4.0
385,istanbul erkek lisesi,Null,istanbul,anadolu lisesi,esit agirlik,Null,2.5-3.0
386,adana anadolu lisesi,Null,adana,anadolu lisesi,esit agirlik,Null,3.0-3.5
387,argincik lisesi,Null,kayseri,duz lise,Null,Null,3.0-3.5
388,ortakoy adml,Null,istanbul,meslek lisesi,Null,Null,3.0-3.5
389,adana anadolu lisesi,Null,adana,anadolu lisesi,sayisal,Null,3.0-4.0
390,gap anadolu lisesi,Null,sanliurfa,anadolu lisesi,fen bilimleri,Null,3.0-4.0
391,kirimli ismail rustu olcay anadolu lisesi,Null,istanbul,anadolu lisesi,sayisal,Null,3.0-3.5
392,afyonkarahisar suleyman demirel fen lisesi,Null,afyonkarahisar,fen lisesi,sayisal,Null,3.0-4.0
393,afyonkarahisar suleyman demirel fen lisesi,Null,afyonkarahisar,fen lisesi,sayisal,Null,3.0-4.0
394,nevzat ayaz anadolu lisesi,Null,istanbul,anadolu lisesi,esit agirlik,Null,3.0-4.0
395,bursa anadolu erkek lisesi,Null,bursa,anadolu lisesi,Null,Null,3.0-4.0
396,kartal anadolu lisesi,Null,istanbul,anadolu lisesi,sayisal,Null,3.0-4.0
397,nigde anadolu lisesi,Null,nigde,anadolu lisesi,fen bilimleri,Null,3.0-3.5
398,denizli anadolu lisesi,Null,Null,anadolu lisesi,sayisal,Null,3.0-4.0
399,20 mayis vakfi turgut ozal anadolu lisesi,Null,malatya,anadolu lisesi,Null,Null,3.0-4.0
400,ertugrulgazi lisesi,Null,eskisehir,fen lisesi,fen bilimleri,Null,3.0-4.0
401,ankara anadolu otelcilik ve turizm meslek lisesi,Null,ankara,meslek lisesi,yiyecek icecek hizmetleri,Null,2.5-3.0
402,ozel bornova anadolu lisesi,Null,izmir,anadolu lisesi,esit agirlik,Null,2.5-3.0
403,arhavi anadolu lisesi,Null,artvin,anadolu lisesi,esit agirlik,Null,3.0-3.5
404,yahya kemal beyatli,Null,ankara,duz lise,esit agirlik,Null,3.0-3.5
405,ozel nilufer anadolu lisesi,Null,bursa,Özel,esit agirlik,Null,3.0-4.0
406,etimesgut mehmetcik lisesi,Null,ankara,duz lise,Null,Null,2.5-3.0
407,imkb gursu anadolu lisesi,Null,bursa,anadolu lisesi,esit agirlik,Null,3.0-3.5
408,merkez bankasi derince anadolu lisesi,Null,kocaeli,anadolu lisesi,Null,Null,3.0-3.5
409,vize lisesi,Null,kirklareli,duz lise,sozel,Null,3.0-4.0
410,dr. binnaz ege dr. ridvan ege anadolu lisesi,Null,ankara,anadolu lisesi,esit agirlik,Null,3.0-4.0
411,mehmet ozoncel anadolu lisesi,Null,adana,anadolu lisesi,esit agirlik,Null,3.0-4.0
412,tarsus anadolu ogretmen lisesi,Null,Null,anadolu lisesi,esit agirlik,Null,3.0-3.5
413,sehit ozcan kan anadolu ogretmen lisesi,Null,kocaeli,anadolu lisesi,esit agirlik,Null,3.0-4.0
414,kazak-turk lisesi,Null,Null,Özel,Null,Null,3.0-4.0
415,mersin ticaret ve sanayi odasi anadolu lisesi,Null,mersin,anadolu lisesi,sayisal,Null,3.0-4.0
416,nazilli anadolu lisesi,Null,aydin,anadolu lisesi,esit agirlik,Null,3.0-3.5
417,ertugrul gazi anadolu lisesi,Null,bursa,anadolu lisesi,sayisal,Null,3.0-4.0
418,ozel antalya koleji burslu,Null,antalya,Özel,Null,Null,3.0-4.0
419,nevzat ayaz anadolu lisesi,Null,istanbul,anadolu lisesi,esit agirlik,Null,2.5-3.0
420,aydin dogan anadolu iletisim meslek lisesi,Null,istanbul,meslek lisesi,Null,Null,3.0-4.0
421,canakkale milli piyango anadolu lisesi,Null,canakkale,anadolu lisesi,sayisal,Null,3.0-4.0
422,kirsehir anadolu ogretmen lisesi,Null,kirsehir,anadolu lisesi,esit agirlik,Null,3.0-3.5
423,cahit elginkan anadolu lisesi,Null,kocaeli,anadolu lisesi,sayisal,Null,3.0-4.0
424,bursa ted koleji,Null,bursa,Özel,sayisal,Null,3.0-4.0
425,cumhuriyet anadolu lisesi,Null,manisa,anadolu lisesi,esit agirlik,Null,3.0-4.0
426,mithatpasa anadolu teknik lisesi,Null,izmir,meslek lisesi,bilisim teknolojileri,Null,3.0-4.0
427,buca anadolu lisesi,Null,izmir,anadolu lisesi,esit agirlik,Null,3.0-3.5
428,izmir karatas lisesi,Null,izmir,duz lise,sayisal,Null,2.5-3.0
429,cahit elginkan anadolu lisesi,Null,kocaeli,anadolu lisesi,sayisal,Null,3.0-3.5
430,tire kutsan anadolu lisesi,Null,izmir,anadolu lisesi,esit agirlik,Null,2.5-3.0
431,ozel umraniye irfan anadolu lisesi,Null,istanbul,anadolu lisesi,esit agirlik,Null,3.0-4.0
432,nevsehir h.avni incekara fen lisesi,Null,nevsehir,fen lisesi,Null,Null,3.0-4.0
433,soke cumhuriyet anadolu lisesi,Null,aydin,anadolu lisesi,sayisal,Null,3.0-4.0
434,bodrum marmara koleji,Null,Null,Özel,sayisal,Null,3.0-4.0
435,ankara umitkoy anadolu lisesi,Null,ankara,anadolu lisesi,sayisal,Null,3.0-4.0
436,bursa ulubatli hasan anadolu lisesi,Null,bursa,anadolu lisesi,esit agirlik,Null,3.0-4.0
437,dogansehir lisesi,Null,malatya,duz lise,Null,Null,2.5-3.0
438,samsun ataturk anadolu lisesi,Null,samsun,anadolu lisesi,esit agirlik,Null,2.5-3.0
439,rize anadolu ogretmen lisesi,Null,rize,anadolu lisesi,sayisal,Null,3.0-4.0
440,cagaloglu anadolu kiz meslek lisesi,Null,istanbul,meslek lisesi,Null,Null,3.0-4.0
441,fmv ozel ayazaga isik lisesi,Null,istanbul,anadolu lisesi,sayisal,Null,3.0-4.0
442,konak anadolu lisesi,Null,izmir,anadolu lisesi,Null,Null,3.0-4.0
443,rahmi kula anadolu lisesi,Null,balikesir,anadolu lisesi,esit agirlik,Null,3.0-4.0
444,tekirdag anadolu lisesi,Null,tekirdag,anadolu lisesi,sayisal,Null,3.0-4.0
445,aydin adnan menderes anadolu lisesi,Null,aydin,anadolu lisesi,sayisal,Null,3.0-4.0
446,bayrakli gumuspala anadolu lisesi,Null,izmir,anadolu lisesi,fen bilimleri,Null,3.0-4.0
447,yesilkoy anadolu lisesi,Null,istanbul,anadolu lisesi,sayisal,Null,2.5-3.0
448,ovgu terzibasioglu anadolu lisesi,Null,Null,anadolu lisesi,esit agirlik,Null,3.0-4.0
449,cimentas anadolu lisesi,Null,izmir,anadolu lisesi,esit agirlik,Null,3.0-4.0
450,united world college- usa,Null,Null,Özel,Null,Null,3.0-4.0
451,ahmet adnan saygun lisesi / cigli,Null,izmir,duz lise,esit agirlik,Null,3.0-3.5
452,aksaray .anadolu ogretmen lisesi,Null,aksaray,anadolu lisesi,fen bilimleri,Null,3.0-4.0
453,kirimli fazilet olcay anadolu lisesi,Null,istanbul,anadolu lisesi,fen bilimleri,Null,3.0-4.0
454,mumtaz turhan sosyal bilimler lisesi,Null,istanbul,anadolu lisesi,esit agirlik,Null,3.0-3.5
455,buyukcigli lisesi,Null,izmir,duz lise,fen bilimleri,Null,3.0-4.0
456,layika akbilek anadolu kiz meslek lisesi,Null,ankara,meslek lisesi,Null,Null,3.0-4.0
457,silivri lisesi,Null,istanbul,duz lise,sayisal,Null,3.0-4.0
458,akcaabat iman hatip lisesi,Null,trabzon,imam hatip lisesi,sozel,Null,2.5-3.0
459,turgut reis lisesi,Null,mugla,duz lise,esit agirlik,Null,3.0-3.5
460,ozel idare anadolu lisesi,Null,gaziantep,anadolu lisesi,Null,Null,3.0-3.5
461,imkb lisesi,Null,batman,duz lise,sayisal,Null,2.5-3.0
462,nigbolu anadolu lisesi,Null,ankara,duz lise,dil,Null,3.0-4.0
463,beykoz anadolu lisesi,Null,istanbul,anadolu lisesi,sayisal,Null,3.0-3.5
464,kanuni anadolu lisesi,Null,trabzon,anadolu lisesi,sayisal,Null,3.0-4.0
465,2000 evler,Null,nevsehir,anadolu lisesi,sayisal,Null,3.0-3.5
466,nazilli anadolu ogretmen lisesi,Null,Null,anadolu lisesi,esit agirlik,Null,3.0-4.0
467,erkan avci eml,Null,istanbul,meslek lisesi,Null,Null,3.0-3.5
468,ataturk anadolu lisesi,Null,antalya,anadolu lisesi,esit agirlik,Null,3.0-3.5
469,uskudar halide edip adivar anadolu lisesi,Null,istanbul,duz lise,sayisal,Null,3.0-4.0
470,balcova nevvar salih isgoren lisesi,Null,izmir,duz lise,esit agirlik,Null,3.0-3.5
471,ismet inonu,Null,adana,meslek lisesi,Null,Null,3.0-4.0
472,19 mayis anadolu lisesi,Null,samsun,anadolu lisesi,esit agirlik,Null,3.0-4.0
473,bozdogan anadolu lisesi,Null,aydin,anadolu lisesi,sayisal,Null,3.0-4.0
474,suha erler anadolu lisesi,Null,kahramanmaras,anadolu lisesi,esit agirlik,Null,3.0-4.0
475,buca fen lisesi,Null,izmir,fen lisesi,sayisal,Null,3.0-4.0
476,gulkent anadolu lisesi,Null,isparta,anadolu lisesi,fen bilimleri,Null,3.0-4.0
477,pertevniyal lisesi,Null,istanbul,anadolu lisesi,sayisal,Null,3.0-3.5
478,topane endustri meslek lisesi,Null,bursa,meslek lisesi,Null,Null,3.0-3.5
479,aldemir - atilla konuk anadolu lisesi,Null,antalya,anadolu lisesi,fen bilimleri,Null,3.0-3.5
480,anadolu teknik ve kiz meslek lisesi,Null,kutahya,meslek lisesi,cocuk gelisimi,Null,3.0-4.0
481,halis kutmangil cok programli,Null,istanbul,meslek lisesi,muhasebe,Null,3.0-3.5
482,kirklareli anadolu lisesi,Null,kirklareli,anadolu lisesi,sayisal,Null,3.0-4.0
483,h.m.b. ulusoy e.m.l.,Null,trabzon,meslek lisesi,Null,Null,3.0-3.5
484,mustafa kaynak anadolu lisesi,Null,denizli,anadolu lisesi,Null,Null,3.0-4.0
485,ulubatli hasan anadolu lisesi,Null,bursa,anadolu lisesi,sayisal,Null,3.0-4.0
486,hurriyet anadolu lisesi,Null,ankara,anadolu lisesi,sayisal,Null,3.0-4.0
487,kirkkonaklar,Null,ankara,anadolu lisesi,sayisal,Null,2.5-3.0
488,rahmi kula anadolu lisesi,Null,balikesir,anadolu lisesi,esit agirlik,Null,3.0-4.0
489,turk telekom anadolu ogretmen lisesi,Null,afyonkarahisar,anadolu lisesi,esit agirlik,Null,3.0-4.0
490,koc ozel lisesi,Null,istanbul,Özel,sayisal,Null,3.0-4.0
491,ozel rota anadolu lisesi,Null,izmir,anadolu lisesi,esit agirlik,Null,3.0-4.0
492,ertugrulgazi lisesi,Null,bursa,anadolu lisesi,sozel,Null,3.0-3.5
493,duzce anadolu ogretmen lisesi,Null,duzce,anadolu lisesi,fen bilimleri,Null,3.0-3.5
494,uskudar cumhuriyet lisesi,Null,istanbul,duz lise,fen bilimleri,Null,3.0-4.0
495,afyonkarahisar suleyman demirel fen lisesi,Null,afyonkarahisar,fen lisesi,sayisal,Null,3.0-4.0
496,elazig anadolu lisesi,Null,elazig,anadolu lisesi,fen bilimleri,Null,0.0-2.5
497,istanbul prof. dr. mumtaz turhan sosyal bilimler lisesi,Null,istanbul,fen lisesi,sozel,Null,3.0-4.0
498,kirimli ismail rustu olcay anadolu lisesi,Null,istanbul,anadolu lisesi,sozel,Null,3.0-3.5
499,emel mustafa usakli anadolu lisesi,Null,aydin,anadolu lisesi,sayisal,Null,3.0-4.0
500,denizli doga koleji,Null,denizli,anadolu lisesi,esit agirlik,Null,3.0-4.0
501,ozel mavigun anadolu lisesi,Null,istanbul,Özel,dil,Null,3.0-4.0
502,mimar sinan anadolu teknik,Null,izmir,meslek lisesi,Null,Null,3.0-4.0
503,korfez fen lisesi,Null,kocaeli,fen lisesi,sayisal,Null,3.0-3.5
504,ataturk anadolu meslek lisesi,Null,sivas,meslek lisesi,bilisim teknolojileri,Null,2.5-3.0
505,karasu ataturk anadolu lisesi,Null,sakarya,anadolu lisesi,sayisal,Null,3.0-3.5
506,gazi anadolu lisesi,Null,ankara,anadolu lisesi,sayisal,Null,3.0-4.0
507,sami yangin anadolu lisesi,Null,kayseri,anadolu lisesi,sayisal,Null,3.0-4.0
508,akpinar anadolu ogretmen lisesi,Null,samsun,anadolu lisesi,sozel,Null,3.0-4.0
509,kocatepe mimar kemal lisesi,Null,ankara,anadolu lisesi,Null,Null,3.0-4.0
510,bilkent erzurum laboratuvar lisesi,Null,erzurum,Özel,sayisal,Null,3.0-4.0
511,abdulkerim bengi anadolu lisesi,Null,mersin,anadolu lisesi,sayisal,Null,3.0-4.0
512,pendik teknik ve endustri meslek lisesi,Null,istanbul,meslek lisesi,Null,Null,3.0-4.0
513,fevzi aladdinoglu anadolu lisesi,Null,Null,anadolu lisesi,esit agirlik,Null,3.0-4.0
514,capa anadolu ogretmen lisesi,Null,istanbul,anadolu lisesi,sayisal,Null,3.0-3.5
515,halit gorgulu lisesi,Null,manisa,duz lise,Null,Null,3.0-3.5
516,ataturk anadolu lisesi,Null,zonguldak,anadolu lisesi,fen bilimleri,Null,3.0-4.0
517,karamursel anadolu lisesi,Null,kocaeli,anadolu lisesi,esit agirlik,Null,3.0-3.5
518,cankaya milli piyango anadolu lisesi,Null,ankara,anadolu lisesi,sayisal,Null,3.0-3.5
519,ortaklar anadolu ogretmen lisesi,Null,aydin,anadolu lisesi,sayisal,Null,3.0-4.0
520,avusturya ticaret lisesi,Null,istanbul,Özel,Null,Null,3.0-3.5
521,ankara ataturk lisesi,Null,ankara,anadolu lisesi,esit agirlik,Null,3.0-4.0
522,balikesir cumhuriyet anadolu lisesi,Null,balikesir,anadolu lisesi,esit agirlik,Null,3.0-3.5
523,bilal gungor anadolu ogretmen lisesi,Null,ankara,anadolu lisesi,sayisal,Null,3.0-4.0
524,toros akdeniz,Null,antalya,anadolu lisesi,esit agirlik,Null,3.0-4.0
525,kadikoy mustafa saffet anadolu lisesi,Null,istanbul,anadolu lisesi,sayisal,Null,3.0-3.5
526,karadeniz eregli anadolu lisesi,Null,zonguldak,anadolu lisesi,sayisal,Null,3.0-4.0
527,mersin dumlupinar lisesi,Null,mersin,duz lise,sayisal,Null,2.5-3.0
528,buca omer seyfettin lisesi,Null,izmir,duz lise,esit agirlik,Null,3.0-4.0
529,metin nuran cakallikli anadolu lisesi,Null,antalya,anadolu lisesi,esit agirlik,Null,3.0-3.5
530,yozgat sehitler fen lisesi,Null,yozgat,fen lisesi,sayisal,Null,3.0-4.0
531,uskudar anadolu lisesi,Null,istanbul,anadolu lisesi,sayisal,Null,3.0-4.0
532,amasya anadolu lisesi,Null,amasya,anadolu lisesi,fen bilimleri,Null,3.0-3.5
533,karsiyaka merkez anadolu lisesi,Null,izmir,anadolu lisesi,dil,Null,3.0-4.0
534,istanbul prof. dr. mumtaz turhan sosyal bilimler lisesi,Null,istanbul,duz lise,Null,Null,3.0-3.5
535,alanya hasan colak anadolu lisesi,Null,antalya,anadolu lisesi,esit agirlik,Null,3.0-4.0
536,isparta suleyman demirel fen lisesi,Null,isparta,fen lisesi,sayisal,Null,3.0-4.0
537,kadriye calik anadolu lisesi,Null,kahramanmaras,anadolu lisesi,esit agirlik,Null,3.0-4.0
538,ozel irfan anadolu lisesi,Null,istanbul,Özel,esit agirlik,Null,3.0-4.0
539,bolu fen lisesi,Null,bolu,fen lisesi,sayisal,Null,3.0-4.0
540,trabzon cumhuriyet lisesi,Null,trabzon,duz lise,esit agirlik,Null,3.0-4.0
541,sisli kurtulus lisesi,Null,istanbul,duz lise,sayisal,Null,3.0-3.5
542,besiktas anadolu lisesi,Null,istanbul,anadolu lisesi,sayisal,Null,3.0-3.5
543,baldoktu anadolu lisesi,Null,kayseri,anadolu lisesi,sayisal,Null,3.0-4.0
544,ataturk lisesi,Null,kutahya,duz lise,esit agirlik,Null,3.0-3.5
545,izmir kiraz anadolu lisesi,Null,izmir,anadolu lisesi,fen bilimleri,Null,2.5-3.0
546,safranbolu anadolu lisesi,Null,karabuk,anadolu lisesi,dil,Null,3.0-4.0
547,yavuz selim lisesi,Null,elazig,Özel,fen bilimleri,Null,3.0-4.0
548,sekine evren anadolu lisesi,Null,manisa,anadolu lisesi,esit agirlik,Null,3.0-3.5
549,sariyer vehbi koc vakfi lisesi,Null,istanbul,duz lise,esit agirlik,Null,3.0-3.5
550,kagithane lisesi,Null,istanbul,duz lise,esit agirlik,Null,3.0-4.0
551,karadeniz eregli anadolu lisesi,Null,zonguldak,anadolu lisesi,esit agirlik,Null,3.0-4.0
552,nazilli anadolu lisesi,Null,aydin,anadolu lisesi,sayisal,Null,3.0-4.0
553,nafi gural gen lisesi,Null,kutahya,fen lisesi,sayisal,Null,3.0-4.0
554,urla hakan ceken anadolu lisesi,Null,izmir,anadolu lisesi,sayisal,Null,3.0-3.5
555,bakirkoy lisesi,Null,istanbul,duz lise,esit agirlik,Null,3.0-3.5
556,erkut soyak lisesi,Null,istanbul,duz lise,sayisal,Null,3.0-3.5
557,mev koleji ozel basinkoy anadolu lisesi,Null,istanbul,Özel,fen bilimleri,Null,3.0-4.0
558,cagaloglu anadolu lisesi,Null,istanbul,anadolu lisesi,sayisal,Null,3.0-4.0
559,izmir ataturk lisesi,Null,izmir,anadolu lisesi,esit agirlik,Null,3.0-3.5
560,canakkale fen lisesi,Null,Null,fen lisesi,sayisal,Null,3.0-4.0
561,bornova anadolu lisesi,Null,izmir,anadolu lisesi,sayisal,Null,3.0-4.0
562,tercuman koleji,Null,istanbul,Özel,dil,Null,3.0-3.5
563,maltepe ticaret meslek lisesi,Null,istanbul,meslek lisesi,Null,Null,3.0-4.0
564,bodrum marmara koleji,Null,mugla,Özel,sayisal,Null,3.0-3.5
565,izmir ozel turk koleji,Null,izmir,anadolu lisesi,fen bilimleri,Null,2.5-3.0
566,buyuksehir huseyin yildiz anadolu lisesi,Null,istanbul,anadolu lisesi,sayisal,Null,3.0-3.5
567,ertugrulgazi anadolu lisesi,Null,erzincan,anadolu lisesi,fen bilimleri,Null,3.0-3.5
568,izmir ataturk lisesi,Null,izmir,anadolu lisesi,sayisal,Null,3.0-3.5
569,van milli piyango anadolu lisesi,Null,van,anadolu lisesi,fen bilimleri,Null,3.0-3.5
570,atak koleji,Null,mardin,Özel,sayisal,Null,3.0-4.0
571,ataturk lisesi,Null,sanliurfa,duz lise,Null,Null,3.0-4.0
572,ozel yamanlar bedri sasal anadolu lisesi,Null,izmir,anadolu lisesi,sayisal,Null,3.0-4.0
573,kucukcekmece anadolu,Null,istanbul,anadolu lisesi,esit agirlik,Null,2.5-3.0
574,mudanya sami evkuran anadolu lisesi,Null,bursa,anadolu lisesi,sozel,Null,3.0-4.0
575,izmir anadolu lisesi,Null,izmir,anadolu lisesi,esit agirlik,Null,3.0-4.0
576,emlakbank suleyman demirel lisesi,Null,izmir,duz lise,sozel,Null,2.5-3.0
577,vefa poyraz lisesi,Null,istanbul,duz lise,sayisal,Null,3.0-4.0
578,ayvalik lisesi,Null,balikesir,duz lise,esit agirlik,Null,2.5-3.0
579,canakkale anadolu lisesi,Null,canakkale,anadolu lisesi,esit agirlik,Null,3.0-4.0
580,istek bilge kagan fen lisesi,Null,istanbul,fen lisesi,sayisal,Null,3.0-4.0
581,batman fatih lisesi,Null,batman,duz lise,esit agirlik,Null,3.0-4.0
582,ibni sina lisesi,Null,ankara,anadolu lisesi,Null,Null,3.0-4.0
583,metin - nuran cakallikli anadolu lisesi,Null,antalya,anadolu lisesi,fen bilimleri,Null,3.0-3.5
584,prof. dr. mumtaz turhan sosyal bilimler lisesi ib diploma programi,Null,istanbul,anadolu lisesi,Null,Null,3.0-4.0
585,cankaya 50.yil lisesi,Null,ankara,duz lise,esit agirlik,Null,3.0-3.5
586,karabuk mehmet vergili fen lisesi,Null,karabuk,fen lisesi,fen bilimleri,Null,3.0-4.0
587,necip fazil kisakurek,Null,istanbul,duz lise,sozel,Null,3.0-3.5
588,bursa anadolu lisesi,Null,bursa,anadolu lisesi,esit agirlik,Null,3.0-3.5
589,acik ogretim lisesi,Null,istanbul,anadolu lisesi,sayisal,Null,3.0-4.0
590,melikgazi mustafa eminoglu anadolu lisesi,Null,kayseri,anadolu lisesi,fen bilimleri,Null,2.5-3.0
591,cagaloglu anadolu lisesi,Null,istanbul,anadolu lisesi,Null,Null,3.0-4.0
592,bornova anadolu lisesi,Null,izmir,anadolu lisesi,sayisal,Null,3.0-3.5
593,adana anadolu ogretmen lisesi,Null,adana,anadolu lisesi,sayisal,Null,3.0-3.5
594,mamak lisesi,Null,ankara,duz lise,sayisal,Null,3.0-4.0
595,korfez ataturk anadolu lisesi,Null,kocaeli,anadolu lisesi,fen bilimleri,Null,3.0-4.0
596,kagithane ito atml,Null,istanbul,meslek lisesi,Null,Null,3.0-3.5
597,turgutlu anadolu lisesi,Null,Null,anadolu lisesi,esit agirlik,Null,3.0-4.0
598,ozel sema koleji,Null,aksaray,duz lise,sayisal,Null,3.0-3.5
599,cengelkoy lisesi,Null,istanbul,duz lise,sayisal,Null,3.0-4.0
600,izmir turk koleji,Null,izmir,Özel,esit agirlik,Null,2.5-3.0
601,altin nesil anadolu lisesi,Null,Null,anadolu lisesi,Null,Null,3.0-4.0
602,necati ozen anadolu lisesi,Null,usak,anadolu lisesi,sayisal,Null,3.0-3.5
603,paksoy lisesi,Null,adana,duz lise,Null,Null,3.0-4.0
604,Null,istanbul alman lisesi,istanbul,Özel,sayisal,Null,3.5-4.0
605,sehit ali ihsan kalmaz anadolu lisesi,sehzade mehmet koleji,manisa,anadolu lisesi,sayisal,Null,3.5-4.0
606,Null,mugla anadolu ogretmen lisesi,mugla,anadolu lisesi,esit agirlik,Null,3.5-4.0
607,levent aydin anadolu lisesi,Null,antalya,anadolu lisesi,sayisal,Null,3.5-4.0
608,Null,imkb anadalo lisesi,batman,anadolu lisesi,esit agirlik,Null,3.0-3.5
609,koc ozel lisesi,Null,istanbul,Özel,sayisal,Null,3.5-4.0
610,Null,orta dogu teknik universitesi koleji,ankara,Özel,sayisal,Null,3.5-4.0
611,izmir ataturk lisesi,Null,izmir,anadolu lisesi,esit agirlik,Null,3.5-4.0
612,aydin lisesi,Null,aydin,anadolu lisesi,esit agirlik,Null,3.5-4.0
613,aydin lisesi,Null,aydin,anadolu lisesi,esit agirlik,Null,3.5-4.0
614,besiktas ataturk anadolu lisesi,Null,istanbul,anadolu lisesi,sayisal,Null,3.0-3.5
615,canakkale fen lisesi,Null,canakkale,fen lisesi,sayisal,Null,3.5-4.0
616,izmir fen lisesi,Null,izmir,fen lisesi,sayisal,Null,3.5-4.0
617,Null,diltas anadolu lisesi,konya,anadolu lisesi,sayisal,Null,3.5-4.0
618,Null,bafra anadolu lisesi,samsun,anadolu lisesi,sayisal,Null,3.5-4.0
619,Null,karsiyaka necip demir ticaret meslek lisesi,izmir,meslek lisesi,esit agirlik,Null,3.5-4.0
620,ted istanbul koleji,Null,istanbul,Özel,sayisal,Null,3.5-4.0
621,Null,selehaddin-i eyyubi anadolu lisesi,diyarbakir,anadolu lisesi,sayisal,Null,2.5-3.0
622,cumhuriyet anadolu lisesi,iskenderun cumhuriyet anadolu lisesi,hatay,anadolu lisesi,sayisal,Null,3.5-4.0
623,adana fen lisesi,Null,adana,fen lisesi,sayisal,Null,3.5-4.0
624,Null,fatih kiz lisesi,istanbul,duz lise,esit agirlik,Null,3.0-3.5
625,Null,kirkkonaklar anadolu lisesi,ankara,anadolu lisesi,sayisal,Null,3.5-4.0
626,gaziantep anadolu lisesi,Null,gaziantep,anadolu lisesi,sayisal,Null,3.0-3.5
627,yalova fatih sultan mehmet lisesi,Null,yalova,duz lise,esit agirlik,Null,3.5-4.0
628,Null,capa anadolu ogretmen lisesi,istanbul,anadolu lisesi,sayisal,Null,3.5-4.0
629,bornova anadolu lisesi,Null,izmir,anadolu lisesi,sayisal,Null,3.0-3.5
630,samsun ataturk anadolu lisesi,Null,samsun,anadolu lisesi,sayisal,Null,3.5-4.0
631,Null,kirimli ismail rustu olcay anadolu lisesi,istanbul,anadolu lisesi,sozel,Null,3.0-3.5
632,kastamonu fen lisesi,Null,kastamonu,fen lisesi,sayisal,Null,3.5-4.0
633,kadriye calik anadolu lisesi,Null,Null,anadolu lisesi,sayisal,Null,3.0-3.5
634,cankiri suleyman demirel fen lisesi,Null,cankiri,fen lisesi,sayisal,Null,3.5-4.0
635,Null,altinbasak lisesi,isparta,Özel,esit agirlik,Null,3.5-4.0
636,Null,bozuyuk anadolu ogretmen lisesi,bilecik,anadolu lisesi,esit agirlik,Null,3.5-4.0
637,corlu imkb anadolu ogretmen lisesi,Null,tekirdag,anadolu lisesi,sayisal,Null,3.5-4.0
638,umraniye anadolu lisesi,Null,istanbul,anadolu lisesi,sayisal,Null,3.0-3.5
639,Null,habire yahsi anadolu lisesi,istanbul,anadolu lisesi,esit agirlik,Null,3.0-3.5
640,Null,denizli nevzat karalp anadolu lisesi,denizli,anadolu lisesi,esit agirlik,Null,3.5-4.0
641,Null,ozel erkul tunagur fen lisesi,kocaeli,Özel,sayisal,ozel fen lisesi,3.5-4.0
642,yusuf kalkavan anadolu lisesi,Null,mersin,anadolu lisesi,esit agirlik,Null,3.5-4.0
643,Null,haci malike mehmet bileydi anadolu lisesi,antalya,anadolu lisesi,sayisal,Null,3.5-4.0
644,ankara ataturk anadolu lisesi,Null,ankara,anadolu lisesi,esit agirlik,Null,3.5-4.0
645,balikesir cumhuriyet anadolu lisesi,Null,balikesir,anadolu lisesi,esit agirlik,Null,3.5-4.0
646,Null,bagcilar lisesi,istanbul,duz lise,sozel,Null,3.5-4.0
647,ankara mehmet kaplan sosyal bilimler lisesi,Null,ankara,fen lisesi,esit agirlik,sosyal bilimleri lisesi secenegi koymadiginiz icin fen lisesi sekmesini isaretledim.,3.5-4.0
648,Null,izmir ozel fatih fen lisesi,izmir,Özel,sayisal,Null,3.5-4.0
649,konya karatay anadolu lisesi,selcuklu osman nuri hekimoglu anadolu lisesi,konya,anadolu lisesi,sayisal,Null,3.5-4.0
650,75. yil anadolu lisesi,Null,adana,anadolu lisesi,esit agirlik,Null,3.0-3.5
651,metin nuran cakallikli anadolu lisesi,Null,antalya,anadolu lisesi,esit agirlik,Null,3.5-4.0
652,Null,gulser-mehmet bolluk anadolu lisesi,balikesir,anadolu lisesi,esit agirlik,Null,3.5-4.0
653,ankara ataturk anadolu lisesi,Null,ankara,anadolu lisesi,sayisal,Null,3.0-3.5
654,antalya lisesi,Null,antalya,anadolu lisesi,esit agirlik,Null,3.0-3.5
655,Null,ozel sanko koleji,gaziantep,Özel,sayisal,Null,3.5-4.0
656,Null,rekabet kurumu bayburt anadolu ogretmen lisesi,bayburt,anadolu lisesi,sayisal,Null,3.0-3.5
657,Null,ulubatli hasan anadolu lisesi,bursa,anadolu lisesi,sayisal,Null,3.5-4.0
658,Null,manisa salihli sekine evren anadolu lisesi,manisa,anadolu lisesi,esit agirlik,Null,3.5-4.0
659,Null,bilkent erzurum laboratuvar lisesi,erzurum,Özel,sayisal,Null,3.5-4.0
660,Null,fetih anadolu lisesi,istanbul,anadolu lisesi,esit agirlik,Null,3.5-4.0
661,bursa gazi anadolu lisesi,Null,bursa,anadolu lisesi,esit agirlik,Null,3.5-4.0
662,cumhuriyet anadolu lisesi,Null,istanbul,anadolu lisesi,esit agirlik,Null,3.5-4.0
663,ortaklar anadolu ogretmen lisesi,Null,aydin,anadolu lisesi,sayisal,Null,3.5-4.0
664,Null,ozel derya oncu anadolu lisesi,istanbul,anadolu lisesi,esit agirlik,Null,3.0-3.5
665,Null,diyarbakir anadolu imam hatip lisesi,diyarbakir,imam hatip lisesi,sayisal,Null,2.5-3.0
666,Null,melikgazi mustafa eminoglu anadolu lisesi,kayseri,anadolu lisesi,sayisal,Null,3.5-4.0
667,Null,urla hakan ceken anadolu lisesi,izmir,anadolu lisesi,esit agirlik,Null,3.5-4.0
668,Null,ozel doga koleji,mersin,Özel,sayisal,Null,3.5-4.0
669,ceas anadolu lisesi,Null,adana,anadolu lisesi,sayisal,Null,3.5-4.0
670,Null,nazilli menderes anadolu lisesi,aydin,anadolu lisesi,sayisal,Null,3.5-4.0
671,Null,uskudar mithatpasa kiz teknik meslek lisesi,istanbul,meslek lisesi,Null,grafik ve fotograf,3.5-4.0
672,Null,melahat aksoy anadolu ogretmen lisesi,izmir,anadolu lisesi,sayisal,Null,3.5-4.0
673,besiktas ataturk anadolu lisesi,Null,istanbul,anadolu lisesi,sayisal,Null,3.5-4.0
674,Null,Açık Öğretim,adana,duz lise,sayisal,Null,2.5-3.0
675,Null,akcakoca lisesi,duzce,duz lise,sozel,Null,3.5-4.0
676,galatasaray lisesi,Null,istanbul,anadolu lisesi,sayisal,Null,3.0-3.5
677,Null,behcet canbaz anadolu lisesi,istanbul,anadolu lisesi,sayisal,Null,3.0-3.5
678,van anadolu ogretmen lisesi,yuksekova lisesi,hakkari,duz lise,esit agirlik,Null,3.0-3.5
679,Null,ozel ankara caglayan fen lisesi,ankara,Özel,sayisal,Null,3.5-4.0
680,Null,aydin sosyal bilimler lisesi,aydin,anadolu lisesi,esit agirlik,Null,3.5-4.0
681,Null,kilis nedim okmen anadolu ogretmen lisesi,kilis,anadolu lisesi,sayisal,Null,3.5-4.0
682,Null,sehit mehmet gonenc lisesi,balikesir,anadolu lisesi,esit agirlik,Null,3.0-3.5
683,ataturk lisesi,immib erkan avci mesleki ve teknik anadolu lisesi,istanbul,meslek lisesi,sayisal,bilisim teknolojileri,3.0-3.5
684,pinarhisar anadolu lisesi,Null,kirklareli,anadolu lisesi,sayisal,Null,3.5-4.0
685,Null,ayten kemal akinal anadolu lisesi,gaziantep,anadolu lisesi,sayisal,Null,3.5-4.0
686,mehmet adnan ozcelik anadolu lisesi,Null,mersin,anadolu lisesi,esit agirlik,Null,3.5-4.0
687,gazi anadolu lisesi,Null,ankara,anadolu lisesi,sayisal,Null,3.5-4.0
688,Null,kirklareli fen lisesi,kirklareli,fen lisesi,sayisal,Null,3.0-3.5
689,Null,iskenderun toscelik fen lisesi,hatay,fen lisesi,sayisal,Null,3.5-4.0
690,Null,manavgat anadolu lisesi,antalya,anadolu lisesi,sayisal,Null,3.5-4.0
691,aydin suleyman demirel anadolu lisesi,Null,aydin,anadolu lisesi,sayisal,Null,3.5-4.0
692,bursa kiz lisesi,Null,bursa,anadolu lisesi,esit agirlik,mezuniyet notu:80,3.5-4.0
693,Null,bahcesehir koleji,istanbul,fen lisesi,sayisal,Null,3.5-4.0
694,manavgat kemer fatma turgut sen anadolu lisesi,Null,antalya,anadolu lisesi,sayisal,Null,3.0-3.5
695,mustafa kemal anadolu lisesi,Null,mersin,anadolu lisesi,esit agirlik,Null,3.5-4.0
696,Null,nuh mehmet baldoktu,kayseri,anadolu lisesi,sayisal,Null,3.5-4.0
697,konak anadolu lisesi,Null,izmir,anadolu lisesi,esit agirlik,Null,3.0-3.5
698,Null,izmit atilim anadolu lisesi,kocaeli,anadolu lisesi,esit agirlik,Null,3.0-3.5
699,isparta suleyman demirel fen lisesi,Null,isparta,fen lisesi,sayisal,Null,3.5-4.0
700,aydin fen lisesi,Null,aydin,fen lisesi,sayisal,Null,3.5-4.0
701,kabatas erkek lisesi,Null,istanbul,anadolu lisesi,esit agirlik,Null,3.5-4.0
702,hasan colak anadolu lisesi,Null,antalya,anadolu lisesi,sayisal,Null,3.0-3.5
703,Null,bilkent erzurum laboratuvar lisesi,erzurum,Özel,esit agirlik,Null,3.5-4.0
704,turkler i.m.k.b anadolu ogretmen lisesi,Null,antalya,anadolu lisesi,sayisal,Null,3.5-4.0
705,Null,edirne anadolu ogretmen lisesi,edirne,anadolu lisesi,sayisal,Null,3.5-4.0
706,adem tolunay anadolu lisesi,Null,antalya,anadolu lisesi,esit agirlik,Null,3.5-4.0
707,gazi anadolu lisesi,Null,ankara,anadolu lisesi,sayisal,Null,3.5-4.0
708,cemal mumtaz anadolu ogretmen lisesi,Null,eskisehir,anadolu lisesi,esit agirlik,Null,3.5-4.0
709,kiz tek. ve meslek lisesi,Null,istanbul,meslek lisesi,Null,cocuk gelisimi ve egitimi,3.0-3.5
710,suleyman demirel anadolu lisesi,Null,aydin,anadolu lisesi,sayisal,Null,3.5-4.0
711,Null,buca inci ozer tirnakli fen lisesi,izmir,fen lisesi,sayisal,Null,3.5-4.0
712,erzincan nevzat ayaz fen lisesi,Null,erzincan,fen lisesi,sayisal,Null,3.5-4.0
713,Null,kirikkale anadolu ogretmen lisesi,kirikkale,anadolu lisesi,dil,Null,3.5-4.0
714,Null,balcova salih dede lisesi,izmir,duz lise,esit agirlik,Null,3.5-4.0
715,sivas ozel sultan murat lisesi,Null,sivas,fen lisesi,sayisal,Null,3.5-4.0
716,Null,batman i.m.k.b belde lisesi,batman,duz lise,sayisal,Null,3.0-3.5
717,cumhuriyet anadolu lisesi,Null,istanbul,anadolu lisesi,esit agirlik,Null,3.5-4.0
718,Null,ahmet hamdi gokbayrak anadolu ogretmen lisesi,bursa,anadolu lisesi,esit agirlik,Null,3.0-3.5
719,Null,diyarbakir anadolu lisesi,diyarbakir,anadolu lisesi,sayisal,Null,3.5-4.0
720,koy hizmetleri anadolu lisesi,Null,istanbul,anadolu lisesi,esit agirlik,Null,3.0-3.5
721,Null,mustafa kemal anadolu ogretmen lisesi,istanbul,anadolu lisesi,esit agirlik,Null,3.0-3.5
722,Null,mesut ozata anadolu lisesi,van,anadolu lisesi,esit agirlik,Null,3.5-4.0
723,kabatas erkek lisesi,Null,istanbul,anadolu lisesi,sayisal,Null,3.0-3.5
724,cankaya anadolu lisesi,Null,ankara,anadolu lisesi,sayisal,Null,3.5-4.0
725,izmir fen lisesi,Null,izmir,fen lisesi,sayisal,Null,3.5-4.0
726,tvo ozel sisli terakki lisesi,Null,istanbul,anadolu lisesi,sayisal,Null,3.5-4.0
727,imam hatip lisesi ve anadolu imam hatip lisesi,Null,istanbul,imam hatip lisesi,sozel,Null,3.5-4.0
728,adana anadolu lisesi,Null,adana,anadolu lisesi,esit agirlik,Null,3.5-4.0
729,ankara ataturk anadolu lisesi,Null,ankara,anadolu lisesi,sayisal,Null,3.5-4.0
730,Null,gurlek nakipoglu lisesi,istanbul,duz lise,esit agirlik,Null,3.5-4.0
731,kars fen lisesi,Null,kars,fen lisesi,sayisal,Null,2.5-3.0
732,Null,zafer lisesi,Null,Özel,sozel,Null,3.0-3.5
733,Null,gonen anadolu ogretmen lisesi,isparta,fen lisesi,esit agirlik,Null,3.5-4.0
734,akcakoca anadolu ogretmen lisesi,Null,duzce,anadolu lisesi,esit agirlik,Null,3.0-3.5
735,Null,adile mermerci anadolu lisesi,istanbul,anadolu lisesi,sayisal,Null,3.0-3.5
736,antalya anadolu lisesi,son sinif: ozel toros akdeniz anadolu ve fen lisesi,antalya,anadolu lisesi,sayisal,Null,3.5-4.0
737,metin nuran cakallikli anadolu lisesi,Null,antalya,anadolu lisesi,sayisal,yabanci dili:almanca,3.0-3.5
738,kilicoglu anadolu lisesi,Null,eskisehir,anadolu lisesi,sayisal,Null,3.5-4.0
739,Null,acikogretim,istanbul,duz lise,esit agirlik,Null,3.0-3.5
740,ceas anadolu lisesi,Null,sanliurfa,anadolu lisesi,esit agirlik,Null,3.5-4.0
741,Null,lutfi ege anadolu ogretmen lisesi,denizli,anadolu lisesi,esit agirlik,Null,3.5-4.0
742,Null,dr.binnaz ege-dr.ridvan ege anadolu lisesi,ankara,anadolu lisesi,sayisal,Null,3.0-3.5
743,karabuk mehmet vergili fen lisesi,yildiz tinas izmiroglu anadolu lisesi,izmir,anadolu lisesi,sayisal,Null,3.5-4.0
744,Null,sisli mecidiyekoy lisesi,istanbul,duz lise,sayisal,Null,3.5-4.0
745,Null,ozel alman lisesi,istanbul,Özel,sayisal,Null,2.5-3.0
746,nazilli anadolu lisesi,Null,aydin,anadolu lisesi,sayisal,Null,3.5-4.0
747,amasya anadolu lisesi,Null,amasya,anadolu lisesi,esit agirlik,Null,2.5-3.0
748,metin nuran cakallikli anadolu lisesi,Null,antalya,anadolu lisesi,sayisal,Null,3.5-4.0
749,Null,giresun fen lisesi,giresun,fen lisesi,sayisal,Null,3.5-4.0
750,Null,sariyer vehbi koc vakfi lisesi,istanbul,duz lise,esit agirlik,Null,3.5-4.0
751,Null,korkmaz yigit anadolu lisesi,istanbul,anadolu lisesi,esit agirlik,Null,3.5-4.0
752,Null,bahcesehir koleji fen ve teknoloji lisesi,istanbul,fen lisesi,sayisal,Null,3.5-4.0
753,ozel feza lisesi,Null,samsun,anadolu lisesi,sayisal,Null,3.5-4.0
754,avusturya lisesi,avusturya ticaret lisesi,istanbul,Özel,esit agirlik,ticaret,3.0-3.5
755,Null,ozel ciragan fen lisesi,kocaeli,fen lisesi,sayisal,Null,3.5-4.0
756,yusuf kalkavan anadolu lisesi,Null,mersin,anadolu lisesi,sayisal,devlet lisesi,3.0-3.5
757,Null,samsun fen lisesi,samsun,fen lisesi,sayisal,Null,3.5-4.0
758,cagaloglu anadolu lisesi,Null,istanbul,anadolu lisesi,sayisal,Null,3.5-4.0
759,Null,ozkonak haci halil turkkan anadolu ogretmen lisesi,nevsehir,anadolu lisesi,sayisal,Null,3.5-4.0
760,aksaray anadolu ogretmen lisesi,Null,aksaray,anadolu lisesi,sayisal,Null,3.5-4.0
761,Null,kuyucak anadolu lisesi,aydin,anadolu lisesi,sayisal,Null,3.5-4.0
762,bursa degistir,gemlik anadolu lisesi,bursa,duz lise,esit agirlik,Null,3.5-4.0
763,Null,nuri erbak anadolu lisesi,bursa,anadolu lisesi,esit agirlik,Null,3.0-3.5
764,Null,ted alanya koleji ozel lisesi,antalya,Özel,sayisal,Null,3.5-4.0
765,Null,balikesir rahmi kula anadolu lisesi,balikesir,anadolu lisesi,esit agirlik,Null,3.5-4.0
766,Null,simav anadolu ogretmen lisesi,kutahya,anadolu lisesi,sayisal,Null,3.5-4.0
767,orhan cobanoglu lisesi,asil adi cobanoglu ticaret meslek lisesi listede bulamadim o yuzden burada belirtmek istedim.,adana,meslek lisesi,esit agirlik,bilgisayarli muhasebe bolumu,3.5-4.0
768,ted karabuk koleji,Null,karabuk,Özel,sayisal,Null,3.5-4.0
769,Null,bandirma anadolu ogretmen lisesi,balikesir,anadolu lisesi,sayisal,Null,3.5-4.0
770,Null,izmir karsiyaka atakent anadolu lisesi,izmir,anadolu lisesi,sayisal,Null,3.0-3.5
771,vefa lisesi,Null,istanbul,anadolu lisesi,sayisal,Null,3.0-3.5
772,luleburgaz ramazan yaman fen lisesi,balakgazi lisesi,elazig,duz lise,sayisal,Null,2.5-3.0
773,yalova fatih sultan mehmet lisesi,yamanlar koleji,izmir,Özel,sayisal,Null,3.5-4.0
774,ozel nilufer liseleri,Null,bursa,anadolu lisesi,esit agirlik,Null,3.5-4.0
775,Null,foca reha midilli anadolu lisesi,izmir,anadolu lisesi,sozel,Null,3.0-3.5
776,fevzi cakmak lisesi,Null,istanbul,duz lise,sayisal,Null,3.0-3.5
777,giresun hamdi bozbag anadolu lisesi,Null,giresun,anadolu lisesi,esit agirlik,Null,3.5-4.0
778,eyuboglu koleji,erhan ahmet inci lisesi,kayseri,duz lise,esit agirlik,Null,3.0-3.5
779,Null,istanbul kadikoy lisesi,istanbul,anadolu lisesi,sayisal,Null,3.5-4.0
780,finike anadolu lisesi,fitnat nuri tekerekoglu anadolu lisesi,gaziantep,anadolu lisesi,sayisal,Null,3.5-4.0
781,ataturk lisesi,Null,aydin,anadolu lisesi,sayisal,Null,3.5-4.0
782,Null,sancaktepe samandira kiz anadolu imam hatip lisesi,istanbul,imam hatip lisesi,sayisal,Null,3.5-4.0
783,akdeniz lisesi,Null,antalya,duz lise,sayisal,Null,3.0-3.5
784,toros gubre lisesi,tuncay azaphan anadolu iletisim meslek lisesi,istanbul,meslek lisesi,sozel,Null,3.5-4.0
785,Null,doga koleji,denizli,Özel,esit agirlik,Null,3.5-4.0
786,Null,vkv koc ozel lisesi,istanbul,Özel,esit agirlik,Null,3.0-3.5
787,ankara ataturk anadolu lisesi,Null,ankara,anadolu lisesi,sayisal,Null,3.5-4.0
788,Null,hurriyet anadolu lisesi,ankara,anadolu lisesi,sayisal,Null,3.5-4.0
789,Null,ankara ozel ari anadolu lisesi,ankara,Özel,esit agirlik,Null,3.5-4.0
790,antalya koleji lisesi,Null,antalya,Özel,sayisal,Null,3.5-4.0
791,Null,gaziosmanpasa anadolu lisesi,istanbul,anadolu lisesi,sayisal,Null,3.5-4.0
792,canakkale ibrahim bodur anadolu lisesi,Null,canakkale,anadolu lisesi,esit agirlik,Null,3.0-3.5
793,Null,buca anadolu lisesi,izmir,anadolu lisesi,sayisal,Null,3.5-4.0
794,Null,semsettin mursaloglu lisesi,hatay,duz lise,sayisal,Null,3.0-3.5
795,Null,bodrum marmara koleji,mugla,Özel,sayisal,Null,3.0-3.5
796,sehzade mehmet lisesi,Null,manisa,anadolu lisesi,sayisal,Null,3.5-4.0
797,mehmet akif ersoy lisesi,Null,izmir,anadolu lisesi,esit agirlik,Null,3.5-4.0
798,Null,sabit buyukbayrak lisesi,istanbul,duz lise,esit agirlik,Null,2.5-3.0
799,Null,huseyin burge lisesi,istanbul,duz lise,esit agirlik,Null,2.5-3.0
800,tarsus amerikan koleji,Null,mersin,Özel,esit agirlik,Null,3.0-3.5
801,Null,ozel seckin koleji fen lisesi,gaziantep,fen lisesi,sayisal,Null,3.5-4.0
802,pazar endustri meslek lisesi,piri reis denizcilik lisesi,istanbul,meslek lisesi,Null,guverte yonetimi,3.0-3.5
803,bornova anadolu lisesi,Null,izmir,anadolu lisesi,sayisal,Null,3.5-4.0
804,Null,denizli anadolu lisesi,denizli,anadolu lisesi,sayisal,Null,3.5-4.0
805,Null,"acikogretim lisesi,gultepe lisesi",istanbul,duz lise,esit agirlik,Null,3.0-3.5
806,Null,guzelkent anadolu lisesi,ankara,anadolu lisesi,sayisal,Null,3.5-4.0
807,bursa ali osman sonmez fen lisesi,Null,bursa,fen lisesi,sayisal,Null,3.5-4.0
808,adana anadolu lisesi,Null,adana,anadolu lisesi,sayisal,Null,3.0-3.5
809,zonguldak ataturk anadolu lisesi,Null,zonguldak,anadolu lisesi,sayisal,Null,3.5-4.0
810,Null,habire yahsi anadolu lisesi,istanbul,duz lise,esit agirlik,Null,3.5-4.0
811,Null,bahcesehir fen ve teknoloji lisesi,istanbul,fen lisesi,sayisal,Null,3.5-4.0
812,Null,elazig anadolu lisesi,elazig,anadolu lisesi,sayisal,Null,3.0-3.5
813,Null,ozel ciragan fen lisesi,kocaeli,fen lisesi,sayisal,Null,3.5-4.0
814,tekirdag anadolu lisesi,Null,tekirdag,anadolu lisesi,sayisal,Null,3.5-4.0
815,kalaba anadolu lisesi,cukurova elektrik anadolu lisesi,Null,anadolu lisesi,esit agirlik,Null,3.5-4.0
816,Null,haci sani konukoglu anadolu lisesi,gaziantep,anadolu lisesi,sayisal,Null,3.0-3.5
817,tvo ozel sisli terakki lisesi,Null,istanbul,Özel,esit agirlik,Null,3.0-3.5
818,nuh mehmet kucukcalik anadolu lisesi,Null,kayseri,anadolu lisesi,sayisal,Null,3.5-4.0
819,ankara ataturk anadolu lisesi,Null,ankara,anadolu lisesi,esit agirlik,Null,3.5-4.0
820,Null,aydin dogan anadolu iletisim meslek lisesi,istanbul,meslek lisesi,Null,gazetecilik,3.5-4.0
821,izmir fen lisesi,Null,izmir,fen lisesi,sayisal,Null,3.5-4.0
822,Null,sakarya anadolu lisesi,sakarya,anadolu lisesi,esit agirlik,Null,3.0-3.5
823,Null,dr. ilhami tankut anadolu lisesi,antalya,anadolu lisesi,esit agirlik,Null,3.5-4.0
824,ankara degistir,ahmet alper dincer lisesi,ankara,duz lise,sayisal,Null,3.5-4.0
825,antalya anadolu lisesi,Null,antalya,anadolu lisesi,esit agirlik,Null,3.5-4.0
826,Null,mecidiye anadolu lisesi,erzurum,anadolu lisesi,sayisal,Null,3.5-4.0
827,hatay huseyin ozbugday anadolu lisesi,hatay ozbugday lisesi,hatay,duz lise,sozel,Null,3.0-3.5
828,canakkale fen lisesi,Null,canakkale,fen lisesi,sayisal,Null,3.5-4.0
829,Null,Null,kirsehir,meslek lisesi,esit agirlik,Null,3.5-4.0
830,Null,istanbul erkek lisesi,istanbul,anadolu lisesi,esit agirlik,Null,3.5-4.0
831,Null,orhan dengiz anadolu lisesi,usak,anadolu lisesi,sayisal,Null,3.5-4.0
832,Null,denizli nevzat karalp anadolu lisesi,denizli,anadolu lisesi,esit agirlik,Null,3.5-4.0
833,Null,bahcelievler necip fazil kisakurek lisesi,istanbul,duz lise,esit agirlik,Null,3.5-4.0
834,Null,naciye pehlivanli saran anadolu lisesi,Null,anadolu lisesi,sozel,Null,2.5-3.0
835,suleyman demirel anadolu lisesi,Null,istanbul,duz lise,sayisal,Null,3.5-4.0
836,yusuf kalkavan anadolu lisesi,Null,mersin,anadolu lisesi,sayisal,Null,3.5-4.0
837,Null,kocaeli izmit fen lisesi,kocaeli,fen lisesi,sayisal,Null,3.5-4.0
838,Null,izmir konak vali vecdi gonul anadolu lisesi,izmir,anadolu lisesi,esit agirlik,Null,3.5-4.0
839,cagaloglu anadolu lisesi,Null,istanbul,anadolu lisesi,esit agirlik,Null,3.0-3.5
840,gazi anadolu lisesi,Null,istanbul,anadolu lisesi,esit agirlik,Null,3.5-4.0
841,mustafa kemal lisesi,Null,ankara,duz lise,sayisal,Null,3.5-4.0
842,Null,izmir guzelbahce 60. yil anadolu lisesi,izmir,anadolu lisesi,esit agirlik,Null,3.5-4.0
843,Null,tire kutsan anadolu lisesi,izmir,anadolu lisesi,esit agirlik,Null,2.5-3.0
844,Null,edirne beykent fen lisesi,edirne,fen lisesi,sayisal,Null,3.5-4.0
845,kartal anadolu lisesi,Null,istanbul,anadolu lisesi,sayisal,Null,3.0-3.5
846,Null,ozel basaksehir burc anadolu lisesi,istanbul,anadolu lisesi,sayisal,Null,3.5-4.0
847,Null,akif ersezgin anadolu lisesi,izmir,anadolu lisesi,sayisal,Null,3.5-4.0
848,Null,Null,balikesir,anadolu lisesi,esit agirlik,Null,2.5-3.0
849,Null,ozel ege lisesi,izmir,anadolu lisesi,esit agirlik,Null,3.5-4.0
850,Null,aldemir atilla konuk anadolu lisesi,antalya,anadolu lisesi,sayisal,Null,3.5-4.0
851,ceas anadolu lisesi,Null,sanliurfa,anadolu lisesi,sayisal,Null,3.5-4.0
852,kadikoy anadolu lisesi,Null,istanbul,anadolu lisesi,esit agirlik,Null,3.0-3.5
853,istanbul prof. dr. mumtaz turhan sosyal bilimler lisesi,uluslararasi bakalorya programi,istanbul,anadolu lisesi,esit agirlik,bakalorya programi,3.5-4.0
854,sagkaya lisesi,arifiye anadolu ogretmen lisesi,sakarya,fen lisesi,esit agirlik,Null,3.5-4.0
855,Null,ozel ciragan anadolu lisesi,kocaeli,Özel,esit agirlik,Null,3.5-4.0
856,afsin anadolu ogretmen lisesi,afsin anadolu lisesi,Null,anadolu lisesi,esit agirlik,Null,3.5-4.0
857,doktor binnaz ege-doktor ridvan ege anadolu lisesi,Null,ankara,anadolu lisesi,sayisal,Null,3.5-4.0
858,icel anadolu lisesi,Null,mersin,anadolu lisesi,sayisal,Null,3.5-4.0
859,Null,ismet alkan anadolu lisesi,hakkari,anadolu lisesi,esit agirlik,Null,3.5-4.0
860,bursa erkek lisesi,Null,bursa,anadolu lisesi,esit agirlik,Null,3.5-4.0
861,emel-mustafa usakli anadolu lisesi,Null,aydin,anadolu lisesi,esit agirlik,Null,2.5-3.0
862,Null,izmir yunus emre anadolu lisesi,izmir,anadolu lisesi,sayisal,Null,3.0-3.5
863,Null,Null,ankara,anadolu lisesi,esit agirlik,Null,3.0-3.5
864,korkuteli anadolu lisesi,Null,antalya,anadolu lisesi,sayisal,Null,3.5-4.0
865,kadir has anadolu lisesi,Null,istanbul,anadolu lisesi,esit agirlik,Null,3.0-3.5
866,izmir fen lisesi,Null,izmir,fen lisesi,sayisal,Null,3.5-4.0
867,bursa degistir,imkb gursu anadolu lisesi,bursa,anadolu lisesi,esit agirlik,Null,3.5-4.0
868,yusuf kalkavan anadolu lisesi,Null,mersin,anadolu lisesi,sayisal,Null,3.5-4.0
869,samanyolu egitim kurumlari,Null,ankara,fen lisesi,sayisal,Null,3.5-4.0
870,nazilli anadolu ogretmen lisesi,Null,aydin,anadolu lisesi,esit agirlik,Null,3.5-4.0
871,Null,afyonkarahisar suleyman demirel fen lisesi,Null,fen lisesi,sayisal,Null,3.5-4.0
872,ataturk lisesi,Null,antalya,anadolu lisesi,esit agirlik,Null,3.0-3.5
873,ankara milli piyango anadolu lisesi,Null,ankara,anadolu lisesi,sayisal,Null,3.5-4.0
874,Null,ozel basaksehir burc fen lisesi/ozel basaksehir fatih fen lisesi,istanbul,fen lisesi,sayisal,Null,3.5-4.0
875,Null,samiha ayverdi anadolu lisesi,istanbul,anadolu lisesi,sayisal,Null,3.5-4.0
876,doktor binnaz ege-doktor ridvan ege anadolu lisesi,Null,ankara,anadolu lisesi,sayisal,Null,3.0-3.5
877,kirikkale fen lisesi,Null,kirikkale,fen lisesi,sayisal,Null,3.5-4.0
878,Null,gumushane lisesi,gumushane,duz lise,sayisal,Null,3.5-4.0
879,istanbul prof. dr. mumtaz turhan sosyal bilimler lisesi,Null,istanbul,anadolu lisesi,esit agirlik,Null,3.5-4.0
880,Null,kirimli fazilet olcay anadolu lisesi,istanbul,anadolu lisesi,sozel,Null,3.5-4.0
881,Null,lutfi ege anadolu lisesi,denizli,anadolu lisesi,sayisal,Null,3.5-4.0
882,Null,karsiyaka cihat kora anadolu lisesi,izmir,anadolu lisesi,esit agirlik,Null,3.5-4.0
883,Null,akcakoca anadolu lisesi,duzce,anadolu lisesi,esit agirlik,Null,3.5-4.0
884,ataturk lisesi,Null,sirnak,anadolu lisesi,esit agirlik,Null,3.0-3.5
885,mamak anadolu lisesi,Null,ankara,anadolu lisesi,esit agirlik,Null,3.5-4.0
886,aydin adnan menderes anadolu lisesi,Null,aydin,anadolu lisesi,sayisal,Null,3.5-4.0
887,samsun ataturk anadolu lisesi,Null,samsun,anadolu lisesi,esit agirlik,Null,3.0-3.5
888,Null,gonen anadolu lisesi,balikesir,anadolu lisesi,sayisal,Null,3.5-4.0
889,cagribey lisesi,Null,ankara,anadolu lisesi,sayisal,Null,3.5-4.0
890,saime salih konca lisesi,Null,antalya,anadolu lisesi,esit agirlik,Null,3.0-3.5
891,Null,fetih fen lisesi,istanbul,fen lisesi,sayisal,Null,3.5-4.0
892,salih zeki anadolu lisesi,Null,eskisehir,anadolu lisesi,sayisal,Null,3.5-4.0
893,Null,izmir cengiz aytmatov sosyal bilimler lisesi,izmir,Özel,esit agirlik,Null,3.5-4.0
894,Null,Null,istanbul,anadolu lisesi,sayisal,Null,3.0-3.5
895,metin nuran cakallikli anadolu lisesi,Null,antalya,anadolu lisesi,sayisal,Null,3.0-3.5
896,gulnar anadolu lisesi,ozel gunduzalp anadolu lisesi,manisa,anadolu lisesi,esit agirlik,Null,3.5-4.0
897,pertevniyal anadolu lisesi,Null,istanbul,anadolu lisesi,esit agirlik,Null,2.5-3.0
898,yalova anadolu ogretmen lisesi,yahya kemal anadolu lisesi,ankara,anadolu lisesi,sayisal,Null,3.5-4.0
899,fatih koleji,Null,istanbul,anadolu lisesi,sayisal,Null,3.5-4.0
900,Null,emlak konut mimar sinan anadolu lisesi,istanbul,anadolu lisesi,sayisal,Null,3.5-4.0
901,ovacik sehit mustafa kizilkaya lisesi,ozel dogus koleji,istanbul,Özel,sayisal,Null,2.5-3.0
902,Null,siirt turk telekom fen lisesi,siirt,fen lisesi,sayisal,Null,3.5-4.0
903,Null,corum anadolu lisesi,corum,anadolu lisesi,sayisal,Null,3.5-4.0
904,Null,seymen koleji,kocaeli,Özel,sayisal,Null,3.5-4.0
905,Null,uskudar halide edip adivar lisesi,istanbul,duz lise,sayisal,Null,3.0-3.5
906,galatasaray lisesi,Null,istanbul,anadolu lisesi,sayisal,Null,3.0-3.5
907,pertevniyal anadolu lisesi,Null,istanbul,anadolu lisesi,sayisal,Null,3.0-3.5
908,prof. dr. necati ersen anadolu ogretmen lisesi,Null,sivas,anadolu lisesi,sayisal,Null,3.5-4.0
909,Null,akhisar caglak anadolu lisesi,manisa,anadolu lisesi,esit agirlik,Null,2.5-3.0
910,antalya ataturk anadolu lisesi,Null,antalya,anadolu lisesi,sayisal,Null,3.5-4.0
911,Null,nevzat karalp anadolu lisesi,denizli,anadolu lisesi,esit agirlik,esit agirlik devlet lisesi,3.5-4.0
912,Null,tuzla imkb kiz teknik ve meslek lisesi,istanbul,meslek lisesi,sayisal,Null,3.5-4.0
913,kemal hasoglu lisesi,Null,istanbul,duz lise,sayisal,Null,3.0-3.5
914,Null,cemal bozkurt anadolu lisesi,kayseri,anadolu lisesi,esit agirlik,Null,3.0-3.5
915,Null,konya turk telekom erol gungor sosyal bilimler,konya,anadolu lisesi,esit agirlik,Null,3.5-4.0
916,Null,samiha ayverdi anadolu lisesi,istanbul,anadolu lisesi,esit agirlik,Null,3.0-3.5
917,malatya fatih lisesi,Null,malatya,duz lise,sayisal,Null,3.0-3.5
918,eregli anadolu lisesi,Null,zonguldak,anadolu lisesi,sayisal,Null,3.0-3.5
919,bahcelievler anadolu lisesi,Null,ankara,anadolu lisesi,sayisal,Null,3.0-3.5
920,Null,manavgat anadolu lisesi,antalya,anadolu lisesi,sayisal,Null,3.0-3.5
921,Null,sehremini anadolu lisesi,istanbul,anadolu lisesi,esit agirlik,Null,3.5-4.0
922,bursa erkek lisesi,Null,bursa,anadolu lisesi,esit agirlik,Null,3.5-4.0
923,icel anadolu lisesi,Null,mersin,anadolu lisesi,sayisal,Null,3.5-4.0
924,Null,mehmet sam anadolu ticaret meslek lisesi,istanbul,meslek lisesi,Null,bilgisayarli muhasebe,3.0-3.5
925,adem tolunay anadolu lisesi,Null,antalya,anadolu lisesi,sayisal,Null,3.5-4.0
926,konak anadolu lisesi,Null,izmir,anadolu lisesi,esit agirlik,Null,3.0-3.5
927,kayseri lisesi,Null,kayseri,anadolu lisesi,sayisal,Null,3.0-3.5
928,Null,gaziantep turk telekom lisesi,gaziantep,duz lise,esit agirlik,Null,3.5-4.0
929,Null,bayrampasa tuna lisesi,istanbul,duz lise,esit agirlik,Null,2.5-3.0
930,Null,izmir kiz lisesi,izmir,anadolu lisesi,sayisal,Null,2.5-3.0
931,suleyman demirel anadolu lisesi,Null,izmir,duz lise,sayisal,Null,0.0-2.5
932,Null,alparslan anadolu lisesi,ankara,anadolu lisesi,sayisal,Null,3.0-3.5
933,ankara bahcelievler deneme lisesi,Null,ankara,anadolu lisesi,sozel,Null,3.0-3.5
934,Null,ozel derya oncu lisesi,istanbul,anadolu lisesi,esit agirlik,Null,3.0-3.5
935,Null,yasar acar fen lisesi,istanbul,fen lisesi,sayisal,Null,3.5-4.0
936,Null,eflatun lisesi,diyarbakir,Özel,sayisal,Null,3.5-4.0
937,istanbul erkek lisesi,Null,istanbul,anadolu lisesi,sayisal,alman bolumu,3.5-4.0
938,gazipasa anadolu lisesi,Null,istanbul,anadolu lisesi,esit agirlik,Null,3.5-4.0
939,etimesgut anadolu lisesi,Null,ankara,anadolu lisesi,sayisal,Null,3.5-4.0
940,karsiyaka anadolu lisesi,karsiyaka necip demir ticaret meslek lisesi,izmir,meslek lisesi,esit agirlik,muhasebe,3.0-3.5
941,Null,fusun yonder lisesi,istanbul,duz lise,esit agirlik,Null,2.5-3.0
942,kiz tek. ve meslek lisesi,Null,izmir,meslek lisesi,esit agirlik,Null,3.5-4.0
943,babaeski anadolu lisesi,Null,kirklareli,anadolu lisesi,esit agirlik,Null,2.5-3.0
944,Null,muammer dereli anadolu ogretmen lisesi,kocaeli,anadolu lisesi,sayisal,Null,3.5-4.0
945,nigde fen lisesi,Null,nigde,fen lisesi,sayisal,Null,3.5-4.0
946,Null,denizli servergazi anadolu lisesi,denizli,anadolu lisesi,esit agirlik,Null,3.5-4.0
947,antalya koleji lisesi,Null,antalya,fen lisesi,sayisal,Null,3.5-4.0
948,kenan evren anadolu lisesi,Null,izmir,anadolu lisesi,esit agirlik,Null,2.5-3.0
949,izzet baysal anadolu lisesi,Null,bolu,anadolu lisesi,sayisal,Null,3.0-3.5
950,hasan ali yucel anadolu ogretmen lisesi,Null,ankara,anadolu lisesi,sayisal,Null,3.5-4.0
951,kadikoy anadolu lisesi,Null,istanbul,anadolu lisesi,esit agirlik,Null,3.5-4.0
952,Null,yahyali mustafa koyuncu anadolu ogretmen lisesi,kayseri,anadolu lisesi,sayisal,Null,3.5-4.0
953,fatih koleji,Null,duzce,anadolu lisesi,sayisal,Null,3.5-4.0
954,ana madde: samsundaki liseler listesi,carsamba ali fuat basgil anadolu liseli,samsun,anadolu lisesi,sayisal,Null,3.5-4.0
955,Null,adiyaman anadolu ogretmen lisesi,adiyaman,anadolu lisesi,dil,Null,3.5-4.0
956,Null,bilkent erzurum laboratuvar lisesi,erzurum,Özel,sayisal,Null,3.5-4.0
957,aydin adnan menderes anadolu lisesi,Null,aydin,anadolu lisesi,sayisal,Null,3.0-3.5
958,bursa anadolu lisesi,Null,bursa,anadolu lisesi,esit agirlik,Null,3.5-4.0
959,kayseri fen lisesi,Null,kayseri,fen lisesi,sayisal,Null,3.0-3.5
960,konya anadolu ogretmen lisesi,aksehir anadolu ogretmen lisesi,konya,anadolu lisesi,sayisal,anadolu ogretmen lisesi,2.5-3.0
961,Null,karacasu anadolu lisesi,aydin,anadolu lisesi,sayisal,Null,2.5-3.0
962,Null,izmir karsiyaka behcet uz anadolu lisesi,izmir,anadolu lisesi,sozel,Null,3.0-3.5
963,atasehir lisesi,Null,istanbul,anadolu lisesi,esit agirlik,Null,2.5-3.0
964,salih zeki anadolu lisesi,Null,eskisehir,anadolu lisesi,esit agirlik,Null,3.5-4.0
965,Null,ozel aydin anadolu koleji,ankara,Özel,esit agirlik,Null,2.5-3.0
966,tokat anadolu ogretmen lisesi,erbaa anadolu ogretmen lisesi,tokat,anadolu lisesi,sayisal,Null,3.5-4.0
967,koy hizmetleri anadolu lisesi,Null,istanbul,anadolu lisesi,sayisal,Null,2.5-3.0
968,Null,bahcelievler cumhuriyet anadolu lisesi,istanbul,anadolu lisesi,sayisal,Null,3.5-4.0
969,mehmet akif ersoy lisesi,Null,kirsehir,anadolu lisesi,esit agirlik,Null,3.0-3.5
970,vefa lisesi,Null,istanbul,anadolu lisesi,sayisal,Null,3.5-4.0
971,Null,tuzla asim kibar otelcilik ve turizm anadolu meslek lisesi,istanbul,meslek lisesi,Null,turizm ve otelcilik,3.0-3.5
972,mardin lisesi,malatya imam hatip lisesi,malatya,imam hatip lisesi,sayisal,Null,3.0-3.5
973,malatya anadolu lisesi,Null,malatya,anadolu lisesi,sayisal,Null,3.5-4.0
974,Null,bafra anadolu lisesi,samsun,anadolu lisesi,esit agirlik,Null,3.5-4.0
975,Null,izmir karsiyaka merkez anadolu lisesi,izmir,anadolu lisesi,dil,Null,3.5-4.0
976,Null,bucak adem tolunay fen lisesi,burdur,fen lisesi,sayisal,Null,3.5-4.0
977,Null,kadriye calik anadolu lisesi,Null,anadolu lisesi,esit agirlik,Null,3.0-3.5
978,aydin adnan menderes anadolu lisesi,Null,aydin,anadolu lisesi,sayisal,Null,3.5-4.0
979,ataturk lisesi,Null,izmir,anadolu lisesi,sayisal,Null,3.5-4.0
980,tevfik serdar anadolu lisesi,Null,trabzon,anadolu lisesi,sayisal,Null,3.0-3.5
981,Null,dr. ismet birgul lisesi,istanbul,duz lise,sayisal,Null,3.0-3.5
982,buca anadolu lisesi,Null,izmir,anadolu lisesi,sayisal,Null,3.0-3.5
983,75. yil anadolu ogretmen lisesi,Null,mersin,fen lisesi,sayisal,Null,3.5-4.0
984,Null,sivas imkb anadolu lisesi,sivas,anadolu lisesi,sayisal,Null,3.5-4.0
985,Null,polatli anadolu ogretmen lisesi,ankara,anadolu lisesi,esit agirlik,Null,3.5-4.0
986,Null,biga ataturk anadolu lisesi,canakkale,anadolu lisesi,sayisal,Null,3.0-3.5
987,Null,bahcelievler adnan menderes anadolu lisesi,istanbul,anadolu lisesi,sayisal,Null,3.0-3.5
988,19 mayis anadolu lisesi,Null,eskisehir,anadolu lisesi,sayisal,Null,3.0-3.5
989,ankara ataturk anadolu lisesi,Null,ankara,anadolu lisesi,sayisal,Null,3.0-3.5
990,sakip sabanci anadolu lisesi,Null,istanbul,anadolu lisesi,sayisal,Null,3.0-3.5
991,borsa lisesi,Null,adana,duz lise,sayisal,Null,3.5-4.0
992,luleburgaz anadolu lisesi,Null,kirklareli,anadolu lisesi,sayisal,Null,3.5-4.0
993,erzurum ibrahim hakki fen lisesi,Null,erzurum,fen lisesi,sayisal,Null,3.0-3.5
994,bornova anadolu lisesi,Null,izmir,anadolu lisesi,sayisal,Null,3.0-3.5
995,samsun anadolu lisesi,Null,samsun,anadolu lisesi,sayisal,Null,3.5-4.0
996,ted kayseri koleji,Null,kayseri,Özel,esit agirlik,Null,2.5-3.0
997,Null,bergama 13 nisan anadolu lisesi,izmir,anadolu lisesi,dil,dil bolumu,3.5-4.0
998,Null,ozel ahmet ulusoy fen lisesi,ankara,fen lisesi,sayisal,Null,3.5-4.0
999,yunus emre lisesi,Null,mugla,duz lise,esit agirlik,Null,3.0-3.5
1000,Null,ozel cagri lisesi,ankara,duz lise,sayisal,Null,2.5-3.0
