Burslu ise Burs Yuzdesi,Burs Aliyor mu?,Baska Bir Kurumdan Burs Aliyor mu?,Burs Aldigi Baska Kurum,Baska Kurumdan Aldigi Burs Miktari
100.0,1,0,Null,Null
100.0,0,0,Null,Null
100.0,0,0,Null,Null
100.0,1,0,Null,Null
100.0,1,0,Null,Null
100.0,1,0,Null,Null
100.0,0,0,Null,Null
100.0,1,0,Null,Null
100.0,1,0,Null,Null
100.0,1,0,Null,Null
100.0,1,0,Null,Null
100.0,1,0,Null,Null
100.0,1,0,Null,Null
100.0,1,0,Null,Null
100.0,1,1,kyk,300
100.0,1,0,Null,Null
100.0,1,0,Null,Null
100.0,1,0,Null,Null
100.0,1,0,Null,Null
100.0,1,0,Null,Null
100.0,0,0,Null,Null
100.0,1,0,Null,Null
100.0,0,0,Null,Null
100.0,1,0,Null,Null
100.0,1,0,Null,Null
100.0,1,1,kyk,300
100.0,1,0,Null,Null
100.0,1,0,Null,Null
100.0,1,0,kyk-burs,Null
100.0,1,0,Null,Null
100.0,0,0,Null,Null
100.0,1,0,Null,Null
100.0,1,1,konlas,150
100.0,1,0,Null,Null
100.0,1,1,kyk,300
100.0,1,1,koc universitesi,430
100.0,1,1,tev,400
100.0,1,1,kyk,300
100.0,1,0,Null,Null
100.0,1,0,Null,Null
100.0,1,1,golden coast hotel,250
100.0,1,0,Null,Null
100.0,1,0,Null,Null
100.0,0,0,Null,Null
100.0,1,0,Null,Null
100.0,1,0,Null,Null
100.0,1,0,Null,Null
100.0,1,0,Null,Null
100.0,0,0,Null,Null
100.0,0,0,Null,Null
100.0,1,0,Null,Null
100.0,1,0,Null,Null
100.0,1,1,kyk,300
100.0,1,0,Null,Null
100.0,1,0,Null,Null
100.0,1,0,Null,Null
100.0,1,0,Null,Null
100.0,1,0,Null,Null
100.0,1,0,Null,Null
100.0,0,0,Null,Null
100.0,1,0,Null,Null
100.0,0,0,Null,Null
100.0,1,0,Null,Null
100.0,1,0,Null,Null
100.0,0,0,Null,Null
100.0,1,0,Null,Null
100.0,0,0,Null,Null
100.0,1,0,Null,Null
100.0,1,0,Null,Null
100.0,1,1,kyk,300
100.0,1,1,"kredi ve yurtlar kurumu burs, ozel basari bursu, izmir ekonomi universitesi tarafindan verilen burs",Null
100.0,1,0,Null,Null
100.0,1,0,Null,Null
100.0,1,0,Null,Null
100.0,1,0,Null,Null
100.0,1,1,tobb ekonomi ve teknoloji universitesi,850
100.0,1,0,Null,Null
100.0,1,0,Null,Null
100.0,1,1,bahcesehir universitesi,500
100.0,1,0,Null,Null
100.0,1,0,Null,Null
100.0,1,0,Null,Null
100.0,1,0,Null,Null
100.0,1,1,krefi yurtlar kurumundan ogrenim kredisi,300
100.0,0,1,devletten kredi aliyorum,300
100.0,1,1,bursa ticaret ve sanayi odasi,280
100.0,1,0,Null,Null
100.0,1,0,Null,Null
100.0,1,1,izmir ekonomi universitesi oss basari bursu,430
100.0,1,0,Null,Null
100.0,1,0,Null,Null
100.0,1,0,Null,Null
100.0,1,0,Null,Null
100.0,1,1,kyk,300
100.0,1,1,kyk,300
100.0,1,0,Null,Null
100.0,1,0,Null,Null
100.0,1,0,Null,Null
100.0,1,0,Null,Null
100.0,1,0,Null,Null
100.0,1,0,Null,Null
100.0,1,0,Null,Null
100.0,1,0,Null,Null
100.0,1,0,Null,Null
100.0,1,0,Null,Null
100.0,1,0,Null,Null
100.0,0,0,Null,Null
100.0,1,0,Null,Null
100.0,1,0,Null,Null
100.0,1,0,Null,Null
100.0,1,0,Null,Null
100.0,0,0,Null,Null
100.0,1,1,sabanci universitesi osys giris derecesi bursu,500
100.0,1,0,Null,Null
100.0,1,0,Null,Null
100.0,1,0,Null,Null
100.0,1,0,Null,Null
100.0,1,1,tobb ekonomi ve teknoloji universitesi,1000
100.0,1,0,Null,Null
100.0,1,1,k.y.k. ustun basari bursu universite sinavlarinda ilk 100 ogrenci arasina girenlere verilen,900
100.0,1,1,kredi yurtlar kurumu kykdan kredi aliyorum.,300
100.0,1,0,Null,Null
100.0,0,0,Null,Null
100.0,1,0,Null,Null
100.0,1,1,kyk,300
100.0,1,0,Null,Null
100.0,1,0,Null,Null
100.0,1,0,Null,Null
100.0,1,0,Null,Null
100.0,1,0,Null,Null
100.0,1,0,Null,Null
100.0,1,0,Null,Null
100.0,1,0,Null,Null
100.0,0,0,Null,Null
100.0,1,1,kyk basbakanlik basari bursu,365
100.0,1,0,Null,Null
100.0,0,0,Null,Null
100.0,1,0,Null,Null
100.0,1,0,Null,Null
100.0,0,0,Null,Null
100.0,1,0,Null,Null
100.0,1,0,Null,Null
100.0,1,0,Null,Null
100.0,0,0,Null,Null
100.0,1,1,"bahcesehir universitesi basari bursu, kyk kredi",800
100.0,0,0,Null,Null
100.0,1,0,Null,Null
100.0,1,1,okulumdan,850
100.0,1,0,Null,Null
100.0,1,0,kyk,Null
100.0,1,0,Null,Null
100.0,0,0,Null,Null
100.0,1,0,Null,Null
100.0,1,0,Null,Null
100.0,1,0,Null,Null
100.0,0,0,Null,Null
100.0,1,0,Null,Null
100.0,0,0,Null,Null
100.0,1,0,Null,Null
100.0,1,0,Null,Null
100.0,1,1,gerkav,150
100.0,0,0,Null,Null
100.0,0,0,Null,Null
100.0,0,0,Null,Null
100.0,1,0,Null,Null
100.0,1,0,Null,Null
100.0,1,1,nuh cimento san. a.s.,125
100.0,1,0,Null,Null
100.0,1,0,Null,Null
100.0,0,0,Null,Null
100.0,1,0,Null,Null
100.0,1,0,Null,Null
100.0,1,0,Null,Null
100.0,1,0,Null,Null
100.0,1,0,Null,Null
100.0,1,1,tobb etu,850
100.0,1,0,Null,Null
100.0,1,0,Null,Null
100.0,1,0,Null,Null
100.0,1,1,ogrenim kredisi,300
100.0,0,0,Null,Null
100.0,1,0,Null,Null
100.0,1,0,Null,Null
100.0,1,1,kyk,300
100.0,1,0,Null,Null
100.0,1,1,ttk,180
100.0,0,0,Null,Null
100.0,1,0,Null,Null
100.0,1,1,canakkale ticaret ve sanayi odasi,260
100.0,1,1,kyk,300
100.0,0,0,Null,Null
100.0,1,1,bilkent universitesi kapsamli burs,425
100.0,1,0,Null,Null
100.0,1,1,polis esleri yardimlasma ve dayanisma dernegi,100
100.0,1,0,Null,Null
100.0,0,0,Null,Null
100.0,1,1,ozyegin universitesi,300
100.0,1,1,t.c. kredi ve yurtlar kurumu,300
100.0,0,0,Null,Null
100.0,1,0,Null,Null
100.0,1,0,Null,Null
100.0,1,0,Null,Null
100.0,1,0,Null,Null
100.0,0,0,Null,Null
100.0,1,1,kyk,300
100.0,1,0,Null,Null
100.0,1,0,Null,Null
100.0,1,0,Null,Null
100.0,1,1,kyk,300
100.0,1,1,kyk geri odemeli kredi,300
100.0,0,0,Null,Null
100.0,1,0,Null,Null
100.0,1,0,Null,Null
100.0,1,1,kyk,300
100.0,1,0,Null,Null
100.0,1,1,kyk,300
100.0,1,0,Null,Null
100.0,0,0,Null,Null
100.0,1,0,Null,Null
100.0,1,0,Null,Null
100.0,0,0,Null,Null
100.0,1,0,Null,Null
100.0,1,0,Null,Null
100.0,1,0,Null,Null
100.0,0,0,kyk ogrenim kredisi,Null
100.0,1,0,Null,Null
100.0,1,0,t.c. basbakanlik,900
100.0,0,0,Null,Null
100.0,1,1,basbakanlik bursu,300
100.0,1,0,Null,Null
100.0,1,0,Null,Null
100.0,1,0,Null,Null
100.0,0,0,Null,Null
100.0,1,0,Null,Null
100.0,1,0,Null,Null
100.0,1,0,Null,Null
100.0,1,0,Null,Null
100.0,0,1,basbakanlik,300
100.0,1,0,Null,Null
100.0,1,0,Null,Null
100.0,1,0,Null,Null
100.0,1,0,Null,Null
100.0,1,0,kredi ve yurtlar kurumundan geri odemeliogrenim kredisim,300
100.0,1,0,Null,Null
100.0,1,1,kyk,300
100.0,0,0,Null,Null
100.0,1,0,Null,Null
100.0,1,0,Null,Null
100.0,1,0,Null,Null
100.0,0,0,Null,Null
100.0,1,0,Null,Null
100.0,0,0,Null,Null
100.0,1,0,Null,Null
100.0,1,0,Null,Null
100.0,0,0,Null,Null
100.0,1,0,Null,Null
100.0,1,1,kyk,300
100.0,1,0,Null,Null
100.0,1,0,Null,Null
100.0,1,0,Null,Null
100.0,0,0,Null,Null
100.0,1,0,Null,Null
100.0,0,0,Null,Null
100.0,1,0,Null,Null
100.0,1,0,Null,Null
100.0,1,0,Null,Null
100.0,1,0,Null,Null
100.0,1,0,Null,Null
100.0,1,0,Null,Null
100.0,1,0,Null,Null
100.0,1,0,Null,Null
100.0,1,0,Null,Null
100.0,1,0,Null,Null
100.0,1,0,Null,Null
100.0,1,0,Null,Null
100.0,1,0,Null,Null
100.0,1,0,Null,Null
100.0,1,0,Null,Null
100.0,1,0,Null,Null
100.0,1,1,okuldan,250
100.0,1,0,Null,Null
100.0,1,0,Null,Null
100.0,1,0,Null,Null
100.0,1,0,Null,Null
100.0,1,1,basbakanlik kyk,900
100.0,1,0,Null,Null
100.0,1,0,Null,Null
100.0,1,1,mado,150
100.0,1,0,Null,Null
100.0,1,0,Null,Null
100.0,1,0,Null,Null
100.0,0,0,kyk-burs,Null
100.0,1,0,Null,Null
100.0,1,1,kendi universitemden derece bursu aliyorum,400
100.0,0,0,Null,Null
100.0,1,0,Null,Null
100.0,1,0,Null,Null
100.0,1,0,Null,Null
100.0,1,0,Null,Null
100.0,1,1,kyk ve bilkent,800
100.0,1,0,Null,Null
100.0,1,0,Null,Null
100.0,0,0,Null,Null
100.0,1,0,Null,Null
100.0,1,0,kyk ogrenim kredisi,Null
100.0,1,1,kyk,300
100.0,1,1,tc basbakanlik,300
100.0,1,0,Null,Null
100.0,1,0,Null,Null
100.0,1,0,Null,Null
100.0,1,0,Null,Null
100.0,1,0,Null,Null
100.0,1,0,Null,Null
100.0,1,0,Null,Null
100.0,1,0,Null,Null
100.0,1,0,Null,Null
100.0,1,0,Null,Null
100.0,1,0,Null,Null
100.0,1,0,Null,Null
100.0,1,0,Null,Null
100.0,1,0,Null,Null
100.0,1,0,Null,Null
100.0,1,0,Null,Null
100.0,1,0,Null,Null
100.0,1,0,Null,Null
100.0,1,0,Null,Null
100.0,1,0,Null,Null
100.0,1,0,Null,Null
100.0,1,0,Null,Null
100.0,1,0,Null,Null
100.0,1,0,Null,Null
100.0,1,1,kyk,300
100.0,1,0,Null,Null
100.0,1,0,Null,Null
100.0,1,1,uluslararasi nakliyeciler dernegi,280
100.0,1,0,Null,Null
100.0,1,1,kyk,300
100.0,1,0,Null,Null
100.0,1,1,ilk 10.000 girdigim icin okulumdan 300 tl nakit burs,300
100.0,1,1,sabanci universitesi,400
100.0,1,0,Null,Null
100.0,1,0,Null,Null
100.0,1,0,Null,Null
100.0,1,0,Null,Null
100.0,1,0,Null,Null
100.0,1,0,Null,Null
100.0,1,1,kordsa,200
100.0,1,0,Null,Null
100.0,0,0,Null,Null
100.0,1,0,Null,Null
100.0,0,0,Null,Null
100.0,1,0,Null,Null
100.0,1,1,koc universitesi,430
100.0,0,0,Null,Null
100.0,1,0,Null,Null
100.0,1,0,Null,Null
100.0,0,0,Null,Null
100.0,1,0,Null,Null
100.0,0,0,Null,Null
100.0,1,0,Null,Null
100.0,1,0,Null,Null
100.0,1,0,Null,Null
100.0,1,0,Null,Null
100.0,1,1,kyk,300
100.0,1,1,bilkent universitesi bursu- kyk bursu,800
100.0,1,0,Null,Null
100.0,1,0,Null,Null
100.0,1,0,Null,Null
100.0,1,0,Null,Null
100.0,1,0,Null,Null
100.0,1,0,Null,Null
100.0,1,0,Null,Null
100.0,0,0,Null,Null
100.0,1,1,kyk,300
100.0,1,1,kyk,300
100.0,1,0,Null,Null
100.0,1,0,Null,Null
100.0,1,0,Null,Null
100.0,1,0,Null,Null
100.0,1,0,Null,Null
100.0,1,0,Null,Null
100.0,1,1,sinpas gyo,250
100.0,0,0,Null,Null
100.0,1,0,Null,Null
100.0,1,1,tobb ekonomi ve teknoloji universitesi,400
100.0,1,1,tobb ekonomi ve teknoloji universitesi,400
100.0,1,0,Null,Null
100.0,1,0,Null,Null
100.0,1,0,Null,Null
100.0,1,1,kredi yutrlar krumundan geri odemesiz burs aliyorum,300
100.0,1,0,Null,Null
100.0,1,0,Null,Null
100.0,1,0,Null,Null
100.0,1,0,Null,Null
100.0,1,0,Null,Null
100.0,0,0,Null,Null
100.0,1,0,Null,Null
100.0,1,0,Null,Null
100.0,1,0,Null,Null
100.0,1,0,eti,325
100.0,1,0,Null,Null
100.0,0,0,Null,Null
100.0,1,0,Null,Null
100.0,1,0,Null,Null
100.0,1,1,kyk ustun basari bursu,900
100.0,0,0,Null,Null
100.0,1,0,Null,Null
100.0,1,1,kyk,300
100.0,1,0,Null,Null
100.0,1,0,Null,Null
100.0,1,0,Null,Null
100.0,1,1,kredi yurtlar kurumu basbakanlik kurumu,300
100.0,1,0,Null,Null
100.0,0,0,Null,Null
100.0,1,1,izmir ekonomi universitesi izmir ekonomi universitesinde tam burslu olarak okuyan tum ogrencilere verilen burs,400
100.0,1,0,Null,Null
100.0,1,0,Null,Null
100.0,1,1,istek vakfi,275
100.0,0,0,Null,Null
100.0,1,0,Null,Null
100.0,0,0,Null,Null
100.0,1,0,Null,Null
100.0,1,0,Null,Null
100.0,1,0,Null,Null
100.0,1,1,basbakanlik bursu,300
100.0,1,0,Null,Null
100.0,1,0,Null,Null
100.0,1,0,Null,Null
100.0,1,0,Null,Null
100.0,1,0,Null,Null
100.0,1,1,kyk,300
100.0,1,1,koc universitesi,600
100.0,1,1,kyk,300
100.0,1,0,Null,Null
100.0,0,0,Null,Null
100.0,1,0,Null,Null
100.0,0,0,Null,Null
100.0,1,0,Null,Null
100.0,1,0,Null,Null
100.0,1,0,Null,Null
100.0,1,0,Null,Null
100.0,1,0,Null,Null
100.0,1,0,Null,Null
100.0,1,0,Null,Null
100.0,1,0,Null,Null
100.0,1,0,Null,Null
100.0,1,0,Null,Null
100.0,0,1,isik universitesi ve kyk,800
100.0,1,1,sabanci universitesinin osym ile okula yerlesen her tam burslu ogrencisine verdigi basari bursunu aliyorum.,500
100.0,1,0,Null,Null
100.0,1,1,t.c kredi ve yurtlar kurumu,300
100.0,1,0,Null,Null
100.0,1,0,Null,Null
100.0,1,0,Null,Null
100.0,1,1,kyk,300
100.0,1,1,tobb etu,1000
100.0,1,1,basbakanlik,300
100.0,1,0,Null,Null
100.0,0,0,Null,Null
100.0,1,0,Null,Null
100.0,1,0,Null,Null
100.0,1,0,Null,Null
100.0,1,0,Null,Null
100.0,1,0,Null,Null
100.0,1,1,kyk,300
100.0,1,0,Null,Null
100.0,1,1,kyk,365
100.0,1,0,Null,Null
100.0,1,0,Null,Null
100.0,0,0,Null,Null
100.0,1,0,Null,Null
100.0,1,1,kyk,300
100.0,1,0,Null,Null
100.0,1,1,kyk ogrenim kredisi,300
100.0,1,0,Null,Null
100.0,1,0,Null,Null
100.0,1,1,kyk,300
100.0,0,0,Null,Null
100.0,1,0,Null,Null
100.0,0,0,Null,Null
100.0,0,0,Null,Null
100.0,1,0,Null,Null
100.0,0,0,Null,Null
100.0,1,0,Null,Null
100.0,1,0,Null,Null
100.0,1,0,Null,Null
100.0,1,0,Null,Null
100.0,1,0,Null,Null
100.0,0,0,Null,Null
100.0,0,0,Null,Null
100.0,1,0,Null,Null
100.0,1,1,kredili yurtlar kurumu kyk,300
100.0,1,0,Null,Null
100.0,1,0,Null,Null
100.0,1,1,ihsan dogramaci bilkent universitesi kapsamli burs,475
100.0,1,0,Null,Null
100.0,1,0,Null,Null
100.0,1,0,Null,Null
100.0,1,0,Null,Null
100.0,1,0,Null,Null
100.0,1,0,Null,Null
100.0,1,0,Null,Null
100.0,1,0,Null,Null
100.0,1,0,Null,Null
100.0,1,0,Null,Null
100.0,1,1,kendi universitemdentobb etu yasam katki payi adi altinda,400
100.0,1,0,Null,Null
100.0,1,0,Null,Null
100.0,1,0,Null,Null
100.0,1,0,Null,Null
100.0,1,1,basbakanlik bursu,300
100.0,1,0,Null,Null
100.0,0,0,Null,Null
100.0,1,0,Null,Null
100.0,1,1,basbakanlik bursu -devlet,300
100.0,1,0,Null,Null
100.0,1,0,Null,Null
100.0,1,0,Null,Null
100.0,1,0,Null,Null
100.0,0,0,Null,Null
100.0,1,1,bilkent universitesi,675
100.0,1,0,Null,Null
100.0,1,1,kyk,300
100.0,1,0,Null,Null
100.0,0,0,Null,Null
100.0,1,0,Null,Null
100.0,0,0,Null,Null
100.0,0,0,Null,Null
100.0,1,0,Null,Null
100.0,1,0,Null,Null
100.0,1,1,kredili yurtlar kurumukyk,300
100.0,1,0,Null,Null
100.0,1,0,Null,Null
100.0,1,0,Null,Null
100.0,1,0,Null,Null
100.0,1,0,Null,Null
100.0,1,0,Null,Null
100.0,1,1,kyk,300
100.0,1,1,kyk,300
100.0,1,0,Null,Null
100.0,1,0,Null,Null
100.0,1,0,Null,Null
100.0,0,0,Null,Null
100.0,1,0,Null,Null
100.0,0,0,Null,Null
100.0,1,0,Null,Null
100.0,1,0,Null,Null
100.0,1,0,Null,Null
100.0,1,0,Null,Null
100.0,1,1,kyk,300
100.0,1,1,devlet,300
100.0,0,0,Null,Null
100.0,0,0,Null,Null
100.0,1,0,Null,Null
100.0,1,0,Null,Null
100.0,1,0,Null,Null
100.0,1,0,Null,Null
100.0,1,0,Null,Null
100.0,1,0,Null,Null
100.0,0,0,Null,Null
100.0,1,1,obss,300
100.0,1,0,Null,Null
100.0,1,0,Null,Null
100.0,0,0,Null,Null
100.0,0,0,Null,Null
100.0,1,1,kyk,300
100.0,0,0,Null,Null
100.0,1,0,Null,Null
100.0,1,0,Null,Null
100.0,1,0,Null,Null
100.0,1,0,Null,Null
100.0,1,0,Null,Null
100.0,1,0,Null,Null
100.0,1,0,Null,Null
100.0,1,0,Null,Null
100.0,0,0,Null,Null
100.0,0,0,Null,Null
100.0,0,0,Null,Null
100.0,1,1,kyk,300
100.0,1,0,Null,Null
100.0,1,0,Null,Null
100.0,1,0,Null,Null
100.0,1,1,metin - nuran cakallikli kultu ve egitim vakfi,200
100.0,1,1,kyk kredi aliyorum.,300
100.0,0,0,Null,Null
100.0,1,0,Null,Null
100.0,1,0,Null,Null
100.0,1,1,kyk,300
100.0,1,0,Null,Null
100.0,1,0,Null,Null
100.0,1,1,kyk basari bursu ve sabanci universitesi onur bursu,700
100.0,1,0,Null,Null
100.0,1,0,Null,Null
100.0,1,0,Null,Null
100.0,0,0,Null,Null
100.0,1,0,Null,Null
100.0,1,1,yok bursu,750
100.0,0,0,Null,Null
100.0,1,0,Null,Null
100.0,0,0,Null,Null
100.0,0,0,Null,Null
100.0,1,1,devlet,300
100.0,0,0,Null,Null
100.0,1,0,Null,Null
100.0,1,0,Null,Null
100.0,1,0,Null,Null
100.0,1,1,kyk,330
100.0,1,0,Null,Null
100.0,1,0,Null,Null
100.0,0,0,Null,Null
100.0,1,1,kyk,330
100.0,1,0,Null,Null
100.0,1,0,Null,Null
100.0,1,0,Null,Null
100.0,0,0,Null,Null
100.0,0,0,Null,Null
100.0,1,0,Null,Null
100.0,1,0,Null,Null
100.0,1,0,Null,Null
100.0,1,0,Null,Null
100.0,0,0,Null,Null
100.0,1,0,Null,Null
100.0,1,0,Null,Null
100.0,1,0,Null,Null
100.0,0,0,Null,Null
100.0,1,0,Null,Null
100.0,1,0,Null,Null
100.0,1,0,Null,Null
100.0,1,0,Null,Null
100.0,1,1,universite,490
100.0,1,1,basbakanlik kredi,320
100.0,1,1,bilkent universitesi,560
100.0,1,0,Null,Null
100.0,0,0,Null,Null
100.0,1,0,Null,Null
100.0,1,0,Null,Null
100.0,1,0,Null,Null
100.0,1,0,Null,Null
100.0,1,0,Null,Null
100.0,1,0,Null,Null
100.0,1,0,Null,Null
100.0,1,0,Null,Null
100.0,1,1,uluslararasi antalya universitesi,Null
100.0,1,1,bilkent universitesiilk 500 de oldugum icin,500
100.0,1,0,Null,Null
100.0,1,0,Null,Null
100.0,1,0,Null,Null
100.0,1,1,koc universitesi anadolu bursiyerleri programi,600
100.0,1,0,Null,Null
100.0,1,0,Null,Null
100.0,1,1,kendi okulumdan egitim bursu aliyorum,430
100.0,1,0,Null,Null
100.0,1,0,bilkent universitesi,560
100.0,1,0,Null,Null
100.0,0,0,Null,Null
100.0,1,0,Null,Null
100.0,1,0,Null,Null
100.0,1,0,Null,Null
100.0,1,1,cagdas yasami destekleme dernegi,150
100.0,1,0,Null,Null
100.0,1,0,Null,Null
100.0,0,0,Null,Null
100.0,1,0,Null,Null
100.0,1,0,Null,Null
100.0,1,0,Null,Null
100.0,1,0,Null,Null
100.0,1,0,Null,Null
100.0,1,1,turkiye olimpik hazirlik merkezi universiteyide milli sporcu bursuyla tam burslu okuyorum,350
100.0,0,0,Null,Null
100.0,1,0,Null,Null
100.0,1,0,Null,Null
100.0,1,0,Null,Null
100.0,1,0,Null,Null
100.0,1,0,Null,Null
100.0,1,1,tobb ekonomi ve teknoloji universitesi,850
100.0,1,1,koc universitesinden ilk 300 bursu,600
100.0,1,0,Null,Null
100.0,1,1,istanbul ticaret odasi,300
100.0,1,1,t.c. ihsan dogramaci bilkent universitesi,720
100.0,1,0,Null,Null
100.0,1,0,Null,Null
100.0,1,0,Null,Null
100.0,1,0,Null,Null
100.0,1,0,Null,Null
100.0,1,0,Null,Null
100.0,0,0,Null,Null
100.0,1,1,kendi okulumdan basari bursu aliyorum.,400
100.0,1,0,Null,Null
100.0,1,1,sabanci universitesi,500
100.0,1,0,Null,Null
100.0,1,0,Null,Null
100.0,1,0,Null,Null
100.0,1,1,koc universitesi,475
100.0,1,0,Null,Null
100.0,0,0,Null,Null
100.0,0,0,Null,Null
100.0,1,0,Null,Null
100.0,1,0,Null,Null
100.0,1,0,Null,Null
100.0,1,0,Null,Null
100.0,1,0,Null,Null
100.0,1,0,Null,Null
100.0,1,0,Null,Null
100.0,1,0,Null,Null
100.0,0,0,Null,Null
100.0,1,0,Null,Null
100.0,1,0,Null,Null
100.0,1,0,Null,Null
100.0,1,0,Null,Null
100.0,0,0,Null,Null
100.0,1,0,Null,Null
100.0,1,0,Null,Null
100.0,1,1,kyk,330
100.0,1,0,Null,Null
100.0,1,0,Null,Null
100.0,1,0,Null,Null
100.0,1,1,fatih universitesi akademik basari bursu 1 donemlik,250
100.0,1,1,kyk,300
100.0,1,0,Null,Null
100.0,1,0,Null,Null
100.0,1,0,Null,Null
100.0,1,0,Null,Null
100.0,1,0,Null,Null
100.0,0,0,Null,Null
100.0,1,1,celik ihracatcilari birligi,350
100.0,1,0,Null,Null
100.0,1,0,Null,Null
100.0,1,1,tobb ekonomi ve teknoloji universitesi,400
100.0,1,0,Null,Null
100.0,1,0,Null,Null
100.0,0,0,Null,Null
100.0,1,1,ataturkcu dusunce dernegi bornova subesi - haziran ayinda sonlanacak.,150
100.0,1,0,Null,Null
100.0,1,0,Null,Null
100.0,0,0,Null,Null
100.0,1,0,Null,Null
100.0,1,0,Null,Null
100.0,1,0,Null,Null
100.0,1,0,Null,Null
100.0,1,0,Null,Null
100.0,1,0,Null,Null
100.0,0,0,Null,Null
100.0,1,0,Null,Null
100.0,1,0,Null,Null
100.0,1,0,Null,Null
100.0,1,0,Null,Null
100.0,1,1,amasya vakfi,100
100.0,1,1,ito,300
100.0,1,1,ozyegin universitesi,300
100.0,1,0,Null,Null
100.0,1,0,Null,Null
100.0,1,0,Null,Null
100.0,0,0,Null,Null
100.0,0,0,Null,Null
100.0,1,1,kyk,350
100.0,1,0,Null,Null
100.0,1,1,koc universitesi,600
100.0,1,0,Null,Null
100.0,1,0,Null,Null
100.0,1,0,Null,Null
100.0,1,0,Null,Null
100.0,1,0,Null,Null
100.0,1,0,Null,Null
100.0,1,0,Null,Null
100.0,1,1,bilkent universitesi,590
100.0,1,0,Null,Null
100.0,1,0,Null,Null
100.0,1,0,Null,Null
100.0,1,0,Null,Null
100.0,1,0,Null,Null
100.0,1,0,Null,Null
100.0,1,0,Null,Null
100.0,1,0,Null,Null
100.0,1,1,tobb ekonomi ve teknoloji universitesi yasam katki payi,1000
100.0,1,0,Null,Null
100.0,1,0,Null,Null
100.0,1,0,Null,Null
100.0,1,0,Null,Null
100.0,1,0,Null,Null
100.0,1,0,Null,Null
100.0,1,0,Null,Null
100.0,0,0,Null,Null
100.0,1,0,Null,Null
100.0,1,0,Null,Null
100.0,1,0,Null,Null
100.0,0,0,Null,Null
100.0,1,0,Null,Null
100.0,1,0,Null,Null
100.0,1,0,Null,Null
100.0,1,1,istek vakfi,300
100.0,1,0,Null,Null
100.0,1,0,Null,Null
100.0,1,1,bilkent universitesi,490
100.0,0,0,Null,Null
100.0,0,0,Null,Null
100.0,1,1,ihsan dogramaci bilkent universitesi,490
100.0,1,0,Null,Null
100.0,1,0,Null,Null
100.0,1,0,Null,Null
100.0,0,0,Null,Null
100.0,0,0,Null,Null
100.0,1,0,Null,Null
100.0,1,0,Null,Null
100.0,1,0,Null,Null
100.0,1,0,Null,Null
100.0,1,0,Null,Null
100.0,1,1,basbakanlik bursu-tev ustun basari bursu,1990
100.0,1,0,Null,Null
100.0,1,0,Null,Null
100.0,0,0,Null,Null
100.0,1,1,koc universitesi,475
100.0,1,0,Null,Null
100.0,1,1,bilkent universitekapsamli burs programi,560
100.0,1,1,koc universitesinden,600
100.0,1,1,mado,150
100.0,1,0,Null,Null
100.0,0,0,Null,Null
100.0,1,1,koc universitesi,600
100.0,1,0,Null,Null
100.0,1,0,Null,Null
100.0,1,0,Null,Null
100.0,1,0,Null,Null
100.0,1,0,Null,Null
100.0,1,0,Null,Null
100.0,1,0,Null,Null
100.0,1,0,Null,Null
100.0,1,0,Null,Null
100.0,1,0,Null,Null
100.0,0,0,Null,Null
100.0,1,0,Null,Null
100.0,1,0,Null,Null
100.0,1,0,Null,Null
100.0,1,0,Null,Null
100.0,1,0,Null,Null
100.0,1,0,Null,Null
100.0,1,0,Null,Null
100.0,1,0,Null,Null
100.0,1,0,Null,Null
100.0,1,0,Null,Null
100.0,1,0,Null,Null
100.0,1,0,sabanci universitesi,400
100.0,1,0,Null,Null
100.0,1,0,Null,Null
100.0,1,0,Null,Null
100.0,1,0,Null,Null
100.0,1,0,Null,Null
100.0,0,0,Null,Null
100.0,1,0,Null,Null
100.0,1,0,Null,Null
100.0,1,0,Null,Null
100.0,1,0,Null,Null
100.0,1,0,Null,Null
100.0,1,0,Null,Null
100.0,1,1,ozyegin vakfi,300
100.0,1,1,universite,750
100.0,1,0,Null,Null
100.0,1,0,Null,Null
100.0,0,0,Null,Null
100.0,1,0,Null,Null
100.0,0,0,Null,Null
100.0,1,0,Null,Null
100.0,1,0,Null,Null
100.0,1,0,Null,Null
100.0,1,0,Null,Null
100.0,1,0,Null,Null
100.0,1,0,Null,Null
100.0,1,1,bursa gazeteciler cemiyeti,180
100.0,1,0,Null,Null
100.0,1,1,bahcesehir universitesi,500
100.0,1,0,Null,Null
100.0,1,0,Null,Null
100.0,1,0,Null,Null
100.0,0,0,Null,Null
100.0,1,0,Null,Null
100.0,1,0,Null,Null
100.0,1,0,Null,Null
100.0,1,0,Null,Null
100.0,1,0,Null,Null
100.0,1,0,Null,Null
100.0,1,0,Null,Null
100.0,1,1,ihsan dogramaci bilkent universitesi,560
100.0,1,0,Null,Null
100.0,1,0,Null,Null
100.0,0,0,Null,Null
100.0,1,0,Null,Null
100.0,1,0,Null,Null
100.0,1,0,Null,Null
100.0,1,0,Null,Null
100.0,0,0,Null,Null
100.0,0,0,Null,Null
100.0,0,0,Null,Null
100.0,0,0,Null,Null
100.0,1,0,Null,Null
100.0,1,0,Null,Null
100.0,0,0,Null,Null
100.0,1,0,Null,Null
100.0,1,0,Null,Null
100.0,1,0,Null,Null
100.0,1,0,Null,Null
100.0,1,0,Null,Null
100.0,1,0,Null,Null
100.0,1,0,Null,Null
100.0,1,0,Null,Null
100.0,1,0,Null,Null
100.0,1,0,Null,Null
100.0,1,1,galatasaray egitim vakfi bursu,300
100.0,1,0,Null,Null
100.0,1,0,Null,Null
100.0,1,0,yayma,Null
100.0,1,1,muratpasa belediyesi,150
100.0,1,0,Null,Null
100.0,1,0,Null,Null
100.0,0,0,Null,Null
100.0,1,0,Null,Null
100.0,1,0,Null,Null
100.0,1,0,Null,Null
100.0,1,0,Null,Null
100.0,1,0,Null,Null
100.0,1,0,Null,Null
100.0,1,0,Null,Null
100.0,1,0,Null,Null
100.0,1,0,Null,Null
100.0,1,1,bahcesehir universitesi,600
100.0,1,0,Null,Null
100.0,1,0,Null,Null
100.0,0,0,Null,Null
100.0,1,1,boydak egitim ve ogrenim vakfi,200
100.0,1,0,Null,Null
100.0,1,0,Null,Null
100.0,0,0,Null,Null
100.0,0,0,Null,Null
100.0,1,0,Null,Null
100.0,1,0,Null,Null
100.0,1,1,ozyegin universitesi,330
100.0,1,0,Null,Null
100.0,0,0,Null,Null
100.0,1,0,Null,Null
100.0,1,0,Null,Null
100.0,0,0,Null,Null
100.0,1,0,Null,Null
100.0,1,0,Null,Null
100.0,1,0,Null,Null
100.0,1,0,Null,Null
100.0,1,0,Null,Null
100.0,1,0,Null,Null
100.0,0,0,Null,Null
100.0,1,1,bilkent universitesi,560
100.0,1,0,Null,Null
100.0,1,0,Null,Null
100.0,1,0,Null,Null
100.0,1,1,"kendi universitemden, giris bursu+1. oldugum yarismadan.",1860
100.0,1,0,Null,Null
100.0,1,1,tubitak,750
100.0,1,0,Null,Null
100.0,1,0,Null,Null
100.0,1,0,Null,Null
100.0,1,1,kyk,330
100.0,1,1,yeditepe universitesi,500
100.0,1,0,yeditepe universitesi,750
100.0,1,0,Null,Null
100.0,0,0,Null,Null
100.0,1,0,Null,Null
100.0,1,0,Null,Null
100.0,1,0,Null,Null
100.0,0,0,Null,Null
100.0,1,0,Null,Null
100.0,1,0,Null,Null
100.0,1,0,Null,Null
100.0,1,0,Null,Null
100.0,1,0,Null,Null
100.0,0,0,Null,Null
100.0,0,0,Null,Null
100.0,1,0,Null,Null
100.0,1,0,Null,Null
100.0,1,0,Null,Null
100.0,1,0,Null,Null
100.0,1,0,Null,Null
100.0,1,0,Null,Null
100.0,0,0,Null,Null
100.0,1,1,yeditepe universitesi,250
100.0,1,0,Null,Null
100.0,1,0,Null,Null
100.0,1,0,Null,Null
100.0,0,0,Null,Null
100.0,1,0,Null,Null
100.0,1,1,fatih sultan mehmet vakif universitesi ustun akademik basari bursu,300
100.0,1,0,Null,Null
100.0,1,0,Null,Null
100.0,1,1,ihsan dogramaci bilkent universitesi,560
100.0,1,0,Null,Null
100.0,1,1,adana ticaret odasi,100
100.0,0,0,Null,Null
100.0,1,1,ihsan dogramaci vakfi,560
100.0,1,0,Null,Null
100.0,0,0,Null,Null
100.0,0,0,Null,Null
100.0,1,1,cankaya universitesi basari bursu,535
100.0,1,0,Null,Null
100.0,1,0,Null,Null
100.0,1,0,Null,Null
