Basvuru Yili,Degerlendirme Puani,Cinsiyet,Dogum Tarihi,Dogum Yeri,Ikametgah Sehri,Kardes Sayisi
2014,52.0,erkek,1994/04/06,ankara,ankara,1
2014,30.0,erkek,1993/06/11,Null,istanbul,1
2014,18.0,erkek,1986/01/15,samsun,istanbul,6
2014,40.0,erkek,1991/06/04,diyarbakir,istanbul,10
2014,24.0,erkek,1992/02/11,ankara,ankara,1
2014,37.0,erkek,1992/04/14,istanbul,istanbul,3
2014,18.0,erkek,1994/10/13,istanbul,istanbul,Null
2014,24.0,erkek,1993/03/18,istanbul,istanbul,1
2014,40.0,erkek,1991/12/29,erzincan,istanbul,4
2014,31.0,erkek,1991/04/25,sivas,istanbul,1
2014,28.0,erkek,1995/07/20,kayseri,kayseri,2
2014,26.0,erkek,1993/09/27,usak,istanbul,2
2014,58.0,erkek,1993/03/23,rize,ankara,1
2014,28.0,erkek,1992/08/09,Null,ankara,4
2014,34.0,erkek,1992/03/05,adiyaman,istanbul,10
2014,33.0,erkek,1992/04/16,erzurum,izmir,1
2014,48.0,erkek,1992/07/15,kahramanmaras,kahramanmaras,3
2014,33.0,erkek,1995/08/05,konya,istanbul,1
2014,10.0,erkek,1995/07/27,izmir,izmir,1
2014,24.0,erkek,1995/07/24,trabzon,trabzon,1
2014,8.0,erkek,1994/07/05,kars,kars,5
2014,54.0,erkek,1995/08/15,kirsehir,kirsehir,2
2014,14.0,erkek,1989/01/27,Null,kocaeli,4
2014,24.0,erkek,1992/10/05,adana,istanbul,3
2014,44.0,kadin,1994/04/09,izmir,izmir,1
2014,60.0,kadin,1993/06/09,istanbul,istanbul,Null
2014,42.0,erkek,1992/05/31,ankara,istanbul,0
2014,26.0,erkek,1995/02/08,adana,izmir,1
2014,22.0,erkek,1994/01/23,adana,istanbul,1
2014,14.0,erkek,1994/07/23,istanbul,istanbul,2
2014,28.0,erkek,1995/04/23,sakarya,ordu,1
2014,16.0,erkek,1992/04/24,istanbul,istanbul,3
2014,29.0,erkek,1993/09/24,adana,istanbul,4
2014,8.0,erkek,1995/05/26,ankara,izmir,0
2014,28.0,kadin,1994/05/24,ankara,istanbul,2
2014,46.0,erkek,1992/02/13,mugla,izmir,0
2014,28.0,kadin,1992/07/02,kars,istanbul,1
2014,22.0,kadin,1990/12/29,hatay,osmaniye,1
2014,26.0,kadin,1995/01/12,Null,Null,2
2014,41.0,erkek,1992/05/22,izmir,izmir,1
2014,50.0,kadin,1993/08/04,Null,istanbul,0
2014,44.0,kadin,1990/01/10,ankara,istanbul,1
2014,53.0,kadin,1995/06/12,mersin,istanbul,0
2014,34.0,kadin,1991/05/28,izmir,istanbul,1
2014,42.0,kadin,1995/06/12,erzurum,izmir,2
2014,36.0,kadin,1993/05/11,malatya,istanbul,7
2014,24.0,erkek,1994/09/03,Null,istanbul,3
2014,40.0,kadin,1993/11/14,manisa,antalya,1
2014,44.0,kadin,1992/09/16,istanbul,istanbul,0
2014,18.0,kadin,1993/09/12,Null,ankara,1
2014,44.0,kadin,1993/01/25,sanliurfa,antalya,1
2014,44.0,kadin,1992/12/21,corum,istanbul,1
2014,28.0,kadin,1993/02/17,Null,ankara,Null
2014,52.0,kadin,1993/08/29,canakkale,istanbul,1
2014,34.0,kadin,1992/02/26,Null,istanbul,Null
2014,32.0,kadin,1994/03/12,ankara,istanbul,1
2014,32.0,kadin,1993/01/05,istanbul,istanbul,1
2014,52.0,kadin,1994/06/30,antalya,ankara,3
2014,38.0,kadin,1991/02/27,Null,istanbul,Null
2014,18.0,kadin,1993/01/11,ankara,istanbul,Null
2014,34.0,kadin,1991/03/17,Null,istanbul,Null
2014,44.0,erkek,1992/09/01,antalya,istanbul,2
2014,14.0,erkek,1994/07/13,konya,konya,3
2014,32.0,erkek,1991/02/01,cankiri,istanbul,3
2014,42.0,erkek,1990/08/01,istanbul,istanbul,0
2014,48.0,erkek,1992/05/30,malatya,istanbul,2
2014,29.0,erkek,1994/09/22,ankara,ankara,1
2014,30.0,erkek,1994/01/01,eskisehir,Null,0
2014,20.0,erkek,1995/10/07,istanbul,istanbul,Null
2014,12.0,erkek,1992/03/12,Null,Null,1
2014,46.0,kadin,1991/02/05,izmir,izmir,3
2014,48.0,kadin,1992/08/04,Null,Null,3
2014,44.0,kadin,1992/10/22,izmir,Null,1
2014,50.0,kadin,1993/07/26,adana,istanbul,2
2014,51.0,kadin,1994/05/25,istanbul,Null,1
2014,44.0,kadin,1993/08/26,bartin,bartin,1
2014,42.0,erkek,1994/01/26,istanbul,istanbul,1
2014,22.0,kadin,1995/02/03,istanbul,istanbul,1
2014,52.0,kadin,1994/06/29,karaman,istanbul,1
2014,29.0,erkek,1990/10/21,istanbul,Null,2
2014,32.0,erkek,1992/04/24,izmir,izmir,1
2014,26.0,kadin,1989/01/02,Null,Null,1
2014,30.0,kadin,1995/06/12,van,istanbul,2
2014,65.0,kadin,1992/01/08,samsun,istanbul,1
2014,44.0,kadin,1994/04/12,bingol,bingol,4
2014,56.0,kadin,1993/01/01,Null,Null,1
2014,33.0,kadin,1994/01/24,mersin,mersin,Null
2014,61.0,kadin,1994/10/25,van,istanbul,1
2014,62.0,kadin,1993/03/20,izmir,izmir,1
2014,49.0,erkek,1993/08/30,elazig,antalya,3
2014,48.0,kadin,1993/05/18,istanbul,istanbul,4
2014,49.0,erkek,1992/09/05,giresun,istanbul,2
2014,18.0,erkek,1995/09/22,ankara,istanbul,1
2014,30.0,erkek,1992/08/24,canakkale,istanbul,0
2014,24.0,kadin,1992/06/30,ordu,Null,2
2014,48.0,kadin,1992/10/11,corum,istanbul,2
2014,70.0,erkek,1991/09/18,balikesir,ankara,Null
2014,24.0,erkek,1989/04/21,istanbul,istanbul,3
2014,16.0,erkek,1994/08/16,kayseri,kayseri,1
2014,42.0,erkek,1990/03/14,bursa,bursa,2
2014,18.0,erkek,1995/08/28,Null,istanbul,3
2014,18.0,erkek,1994/05/24,cankiri,istanbul,3
2014,22.0,erkek,1994/01/12,manisa,manisa,1
2014,22.0,erkek,1994/01/12,manisa,Null,1
2014,22.0,kadin,1994/02/03,Null,istanbul,1
2014,38.0,kadin,1993/11/12,sivas,istanbul,2
2014,52.0,kadin,1992/03/17,ankara,Null,4
2014,56.0,kadin,1990/07/12,kutahya,istanbul,Null
2014,43.0,kadin,1995/08/22,bursa,bursa,Null
2014,23.0,kadin,1995/11/28,erzurum,izmir,2
2014,38.0,kadin,1992/06/14,Null,istanbul,3
2014,38.0,kadin,1993/10/20,samsun,samsun,1
2014,44.0,kadin,1995/05/16,izmir,Null,3
2014,28.0,kadin,1995/11/18,izmir,Null,Null
2014,61.0,kadin,1994/02/24,ankara,istanbul,1
2014,34.0,kadin,1995/11/18,samsun,istanbul,1
2014,33.0,kadin,1994/02/04,karabuk,Null,2
2014,46.0,kadin,1993/02/18,bursa,istanbul,1
2014,31.0,kadin,1992/04/10,Null,istanbul,1
2014,64.0,kadin,1992/03/17,konya,Null,1
2014,52.0,kadin,1991/08/16,bilecik,istanbul,3
2014,52.0,kadin,1994/06/11,konya,istanbul,3
2014,28.0,kadin,1995/12/25,istanbul,istanbul,Null
2014,50.0,kadin,1993/10/21,istanbul,antalya,2
2014,38.0,kadin,1994/05/05,istanbul,istanbul,0
2014,34.0,erkek,1987/04/11,istanbul,istanbul,2
2014,20.0,erkek,1991/01/05,siirt,istanbul,Null
2014,40.0,erkek,1992/01/01,izmir,istanbul,1
2014,24.0,erkek,1993/10/15,izmir,izmir,2
2014,38.0,kadin,1992/04/11,ankara,ankara,0
2014,32.0,kadin,1995/08/11,ankara,istanbul,3
2014,26.0,erkek,1993/08/11,kars,istanbul,3
2014,8.0,erkek,1995/08/06,kutahya,istanbul,3
2014,61.0,kadin,1994/01/24,ankara,istanbul,Null
2014,28.0,erkek,1992/06/05,diyarbakir,istanbul,5
2014,24.0,kadin,1993/05/30,diyarbakir,diyarbakir,4
2014,59.0,kadin,1991/01/08,ankara,ankara,1
2014,46.0,kadin,1993/03/24,izmir,Null,0
2014,43.0,kadin,1993/04/02,ankara,Null,Null
2014,29.0,kadin,1993/09/28,Null,istanbul,3
2014,24.0,kadin,1993/02/05,balikesir,izmir,1
2014,34.0,erkek,1992/01/24,istanbul,istanbul,2
2014,51.0,erkek,1992/04/20,istanbul,istanbul,2
2014,22.0,kadin,1993/01/01,adiyaman,Null,2
2014,26.0,erkek,1993/06/15,kirklareli,kirklareli,Null
2014,57.0,erkek,1993/06/06,ankara,ankara,Null
2014,28.0,erkek,1995/10/01,aydin,istanbul,1
2014,28.0,kadin,1989/02/20,bursa,ankara,1
2014,63.0,kadin,1995/03/02,erzurum,istanbul,Null
2014,36.0,erkek,1991/06/05,antalya,Null,2
2014,53.0,kadin,1993/07/20,manisa,istanbul,0
2014,37.0,kadin,1993/09/18,elazig,antalya,1
2014,54.0,kadin,1994/09/15,sivas,istanbul,4
2014,34.0,kadin,1991/03/02,izmir,izmir,2
2014,50.0,kadin,1992/02/16,izmir,istanbul,1
2014,14.0,erkek,1992/12/11,corum,istanbul,2
2014,41.0,kadin,1992/06/08,izmir,istanbul,1
2014,49.0,kadin,1993/07/01,Null,Null,2
2014,44.0,erkek,1995/06/03,sakarya,kocaeli,2
2014,50.0,kadin,1995/07/17,antalya,antalya,1
2014,44.0,kadin,1993/06/28,ankara,ankara,Null
2014,22.0,kadin,1991/08/21,ankara,Null,1
2014,22.0,kadin,1991/05/25,Null,izmir,1
2014,58.0,kadin,1995/01/01,mugla,izmir,Null
2014,46.0,kadin,1991/01/06,Null,istanbul,2
2014,33.0,kadin,1995/07/29,zonguldak,istanbul,1
2014,53.0,kadin,1992/09/09,kocaeli,istanbul,1
2014,50.0,kadin,1994/07/20,adana,istanbul,2
2014,43.0,kadin,1993/01/14,balikesir,istanbul,1
2014,48.0,kadin,1991/01/30,usak,istanbul,1
2014,23.0,kadin,1995/06/28,izmir,Null,1
2014,71.0,kadin,1993/09/03,sakarya,Null,3
2014,42.0,kadin,1995/04/13,Null,aydin,2
2014,52.0,kadin,1993/08/18,izmir,manisa,0
2014,48.0,kadin,1970/09/20,giresun,mugla,4
2014,26.0,erkek,1993/02/20,Null,Null,1
2014,63.0,erkek,1992/09/11,izmir,istanbul,1
2014,26.0,erkek,1995/02/15,Null,antalya,0
2014,8.0,erkek,1993/03/19,malatya,istanbul,1
2014,30.0,erkek,1994/03/06,izmir,izmir,1
2014,24.0,erkek,1994/01/22,istanbul,istanbul,Null
2014,46.0,kadin,1992/09/28,Null,istanbul,1
2014,36.0,kadin,1994/11/18,tekirdag,Null,0
2014,51.0,kadin,1992/12/21,istanbul,istanbul,Null
2014,40.0,kadin,1994/04/08,tokat,izmir,2
2014,43.0,kadin,1993/08/04,zonguldak,zonguldak,2
2014,36.0,kadin,1994/05/22,mugla,erzurum,1
2014,98.0,kadin,1994/06/13,ankara,ankara,1
2014,36.0,erkek,1995/07/03,canakkale,mersin,1
2014,42.0,erkek,1991/11/28,Null,Null,3
2014,28.0,erkek,1995/08/10,kayseri,Null,1
2014,12.0,erkek,1991/10/20,bursa,ankara,2
2014,26.0,erkek,1994/02/10,eskisehir,istanbul,3
2014,24.0,erkek,1994/03/22,tokat,istanbul,1
2014,18.0,erkek,1993/12/30,istanbul,Null,3
2014,20.0,erkek,1993/01/01,istanbul,istanbul,5
2014,58.0,erkek,1993/05/26,ankara,istanbul,2
2014,23.0,erkek,1993/02/05,sanliurfa,istanbul,Null
2014,28.0,erkek,1994/09/25,Null,Null,4
2014,50.0,erkek,1992/08/05,Null,istanbul,1
2014,42.0,erkek,1993/05/14,kastamonu,istanbul,3
2014,48.0,erkek,1970/01/01,mersin,Null,1
2014,31.0,kadin,1992/10/08,diyarbakir,ankara,1
2014,16.0,erkek,1991/03/21,karabuk,istanbul,3
2014,21.0,erkek,1992/10/05,istanbul,istanbul,4
2014,26.0,erkek,1992/02/11,adana,istanbul,Null
2014,58.0,erkek,1994/01/28,istanbul,istanbul,2
2014,34.0,kadin,1995/11/24,ankara,ankara,3
2014,29.0,kadin,1992/01/30,ankara,ankara,3
2014,52.0,kadin,1993/08/29,kayseri,kayseri,2
2014,22.0,kadin,1992/09/11,Null,istanbul,1
2014,22.0,kadin,1993/09/19,antalya,antalya,Null
2014,66.0,kadin,1993/08/24,mersin,Null,1
2014,42.0,kadin,1994/10/12,antalya,istanbul,1
2014,23.0,kadin,1995/12/22,malatya,istanbul,5
2014,71.0,kadin,1994/03/21,Null,Null,Null
2014,54.0,kadin,1994/09/08,konya,istanbul,3
2014,43.0,kadin,1993/09/17,ankara,istanbul,1
2014,31.0,erkek,1994/04/27,istanbul,Null,1
2014,27.0,erkek,1994/12/19,Null,istanbul,2
2014,44.0,kadin,1991/10/28,Null,istanbul,1
2014,58.0,kadin,1993/06/11,edirne,istanbul,1
2014,36.0,erkek,1990/08/02,Null,Null,2
2014,18.0,erkek,1992/07/10,malatya,bursa,8
2014,22.0,erkek,1994/06/27,Null,istanbul,1
2014,34.0,erkek,1994/10/01,adana,Null,3
2014,51.0,erkek,1992/07/07,ankara,ankara,Null
2014,42.0,erkek,1990/09/02,Null,istanbul,1
2014,28.0,kadin,1993/12/21,Null,istanbul,Null
2014,28.0,kadin,1991/04/18,Null,istanbul,3
2014,28.0,erkek,1993/07/26,istanbul,istanbul,2
2014,50.0,erkek,1991/11/20,hakkari,Null,6
2014,16.0,erkek,1992/03/14,Null,Null,2
2014,20.0,erkek,1994/06/09,sanliurfa,bursa,6
2014,33.0,kadin,1992/02/09,istanbul,istanbul,3
2014,43.0,kadin,1992/09/27,denizli,denizli,3
2014,30.0,erkek,1994/02/02,agri,istanbul,2
2014,21.0,erkek,1994/06/01,Null,batman,11
2014,52.0,kadin,1993/02/05,istanbul,istanbul,1
2014,10.0,erkek,1995/07/24,malatya,istanbul,2
2014,44.0,erkek,1992/01/22,Null,gaziantep,2
2014,34.0,erkek,1993/04/13,karabuk,istanbul,2
2014,39.0,kadin,1991/10/28,ankara,ankara,1
2014,68.0,kadin,1992/07/27,trabzon,istanbul,3
2014,24.0,kadin,1994/11/25,kocaeli,istanbul,2
2014,54.0,kadin,1993/04/23,Null,istanbul,2
2014,61.0,kadin,1993/08/11,mersin,istanbul,1
2014,30.0,kadin,1994/08/01,Null,Null,0
2014,30.0,kadin,1993/03/28,kirikkale,Null,2
2014,28.0,kadin,1995/04/25,malatya,istanbul,2
2014,62.0,kadin,1991/01/09,Null,izmir,2
2014,46.0,kadin,1992/08/21,kayseri,istanbul,1
2014,22.0,erkek,1992/11/21,izmir,Null,1
2014,44.0,kadin,1992/09/05,izmir,izmir,0
2014,14.0,erkek,1992/04/21,kirklareli,kirklareli,1
2014,27.0,erkek,1991/02/21,Null,istanbul,4
2014,32.0,erkek,1993/07/23,balikesir,Null,3
2014,24.0,erkek,1992/08/24,konya,istanbul,2
2014,36.0,erkek,1990/06/25,istanbul,Null,1
2014,51.0,kadin,1993/08/28,izmir,aydin,2
2014,34.0,kadin,1991/06/17,ankara,istanbul,2
2014,44.0,kadin,1993/07/18,Null,istanbul,1
2014,85.0,kadin,1993/02/21,Null,ankara,1
2014,54.0,kadin,1992/10/07,izmir,izmir,2
2014,42.0,kadin,1992/08/20,izmir,Null,0
2014,59.0,kadin,1992/09/19,istanbul,istanbul,Null
2014,45.0,kadin,1992/06/20,bursa,istanbul,2
2014,36.0,kadin,1994/11/23,karabuk,istanbul,3
2014,26.0,kadin,1993/05/21,Null,istanbul,2
2014,43.0,kadin,1995/05/20,kocaeli,kocaeli,1
2014,67.0,kadin,1992/08/30,istanbul,istanbul,1
2014,56.0,kadin,1990/11/16,samsun,mersin,3
2014,62.0,kadin,1992/07/07,bursa,istanbul,2
2014,47.0,kadin,1994/02/05,zonguldak,istanbul,1
2014,78.0,kadin,1993/01/07,konya,istanbul,2
2014,47.0,kadin,1991/01/01,mugla,istanbul,1
2014,28.0,kadin,1994/03/19,kayseri,kayseri,3
2014,54.0,kadin,1991/05/19,sivas,istanbul,1
2014,34.0,erkek,1991/07/01,Null,istanbul,Null
2014,22.0,erkek,1990/01/05,Null,Null,Null
2014,22.0,kadin,1993/09/05,Null,Null,2
2014,19.0,erkek,1993/01/23,manisa,istanbul,2
2014,32.0,erkek,1992/06/20,sakarya,istanbul,3
2014,42.0,erkek,1986/11/30,Null,kocaeli,2
2014,50.0,erkek,1992/02/14,eskisehir,istanbul,Null
2014,24.0,erkek,1995/09/10,adana,adana,Null
2014,46.0,kadin,1993/01/22,Null,Null,1
2014,41.0,erkek,1992/07/21,kahramanmaras,Null,4
2014,34.0,kadin,1994/11/15,istanbul,istanbul,4
2014,24.0,erkek,1992/03/13,istanbul,istanbul,0
2014,33.0,erkek,1991/02/25,ankara,istanbul,1
2014,12.0,erkek,1991/03/03,ankara,ankara,2
2014,34.0,erkek,1991/06/27,nevsehir,Null,0
2014,34.0,erkek,1995/08/24,kirikkale,istanbul,1
2014,40.0,kadin,1993/04/17,kayseri,kayseri,2
2014,30.0,kadin,1992/10/07,balikesir,balikesir,1
2014,18.0,kadin,1994/04/07,mugla,istanbul,1
2014,41.0,kadin,1994/01/15,Null,Null,Null
2014,44.0,kadin,1993/03/21,antalya,antalya,1
2014,43.0,erkek,1992/06/09,isparta,Null,Null
2014,18.0,erkek,1995/10/25,istanbul,istanbul,1
2014,52.0,erkek,1994/10/12,ankara,antalya,2
2014,13.0,erkek,1994/06/18,istanbul,istanbul,6
2014,20.0,erkek,1994/07/10,sanliurfa,sanliurfa,4
2014,26.0,erkek,1995/10/27,Null,istanbul,1
2014,32.0,erkek,1992/01/21,istanbul,Null,Null
2014,54.0,erkek,1992/03/03,karaman,Null,1
2014,40.0,kadin,1995/04/05,edirne,istanbul,1
2014,34.0,kadin,1994/06/07,erzincan,Null,2
2014,50.0,kadin,1993/04/13,ankara,Null,4
2014,38.0,kadin,1995/08/05,kilis,izmir,2
2014,40.0,kadin,1993/09/19,Null,istanbul,2
2014,48.0,kadin,1995/12/28,Null,aydin,1
2014,21.0,erkek,1993/10/06,ankara,istanbul,4
2014,28.0,erkek,1994/01/01,antalya,antalya,1
2014,40.0,erkek,1992/01/01,diyarbakir,izmir,3
2014,18.0,erkek,1988/08/06,Null,Null,1
2014,44.0,erkek,1991/10/07,mersin,istanbul,2
2014,26.0,erkek,1994/10/25,istanbul,ankara,1
2014,52.0,erkek,1993/11/23,sakarya,sakarya,1
2014,38.0,erkek,1992/01/05,kirikkale,istanbul,2
2014,28.0,erkek,1993/09/16,usak,Null,1
2014,26.0,erkek,1990/06/26,izmir,Null,3
2014,13.0,erkek,1995/04/14,mersin,mersin,1
2014,32.0,erkek,1994/08/02,Null,antalya,5
2014,20.0,kadin,1994/02/05,Null,Null,3
2014,12.0,erkek,1992/01/28,batman,istanbul,6
2014,40.0,erkek,1992/06/13,kayseri,kayseri,Null
2014,28.0,kadin,1994/08/01,istanbul,istanbul,1
2014,71.0,erkek,1991/01/04,istanbul,istanbul,2
2014,14.0,erkek,1993/10/09,istanbul,istanbul,1
2014,41.0,erkek,1991/02/05,Null,istanbul,3
2014,30.0,erkek,1992/08/18,mersin,istanbul,Null
2014,48.0,erkek,1993/10/27,kayseri,Null,2
2014,38.0,erkek,1992/09/12,izmir,izmir,0
2014,50.0,erkek,1992/07/23,osmaniye,ankara,2
2014,20.0,erkek,1994/08/14,nevsehir,Null,3
2014,48.0,erkek,1994/08/12,manisa,istanbul,3
2014,70.0,erkek,1986/01/19,kayseri,istanbul,2
2014,34.0,erkek,1993/06/10,tokat,istanbul,1
2014,33.0,erkek,1993/08/14,diyarbakir,istanbul,9
2014,24.0,erkek,1994/10/09,ankara,Null,1
2014,43.0,erkek,1991/06/22,Null,istanbul,1
2014,53.0,erkek,1994/09/17,antalya,antalya,2
2014,27.0,erkek,1994/10/24,malatya,istanbul,2
2014,42.0,kadin,1993/09/07,gaziantep,Null,2
2014,52.0,kadin,1993/08/01,Null,Null,0
2014,33.0,kadin,1995/03/03,bursa,istanbul,Null
2014,18.0,erkek,1995/08/16,Null,Null,4
2014,24.0,erkek,1991/10/12,istanbul,istanbul,1
2014,41.0,kadin,1992/01/05,sivas,izmir,3
2014,20.0,kadin,1995/11/12,istanbul,istanbul,2
2014,44.0,kadin,1995/07/20,balikesir,balikesir,3
2014,22.0,kadin,1993/07/16,Null,izmir,0
2014,40.0,kadin,1992/02/01,denizli,istanbul,4
2014,60.0,kadin,1993/11/29,konya,konya,3
2014,26.0,kadin,1994/09/13,istanbul,istanbul,2
2014,26.0,kadin,1992/06/16,Null,antalya,2
2014,26.0,kadin,1994/12/20,izmir,izmir,2
2014,32.0,kadin,1994/01/08,sakarya,istanbul,Null
2014,18.0,kadin,1994/01/17,adana,adana,1
2014,38.0,kadin,1992/01/07,istanbul,Null,0
2014,90.0,kadin,1993/08/01,denizli,Null,0
2014,42.0,erkek,1992/01/13,Null,istanbul,2
2014,24.0,erkek,1994/03/18,nevsehir,nevsehir,Null
2014,8.0,erkek,1986/01/13,corum,istanbul,Null
2014,36.0,erkek,1987/01/12,mardin,istanbul,3
2014,34.0,kadin,1995/08/20,kayseri,istanbul,2
2014,47.0,erkek,1992/07/13,adana,Null,1
2014,26.0,erkek,1994/10/06,Null,konya,1
2014,40.0,erkek,1995/03/01,konya,istanbul,Null
2014,52.0,erkek,1992/05/11,balikesir,izmir,1
2014,38.0,kadin,1991/10/19,erzincan,izmir,1
2014,36.0,kadin,1992/10/13,bolu,istanbul,1
2014,42.0,erkek,1994/11/13,Null,ankara,2
2014,30.0,erkek,1993/06/13,agri,bursa,3
2014,20.0,erkek,1992/06/15,gaziantep,istanbul,6
2014,22.0,erkek,1989/05/26,Null,istanbul,1
2014,12.0,erkek,1993/04/23,tokat,istanbul,5
2014,8.0,erkek,1995/12/18,Null,gaziantep,7
2014,50.0,erkek,1992/09/01,konya,ankara,1
2014,20.0,erkek,1994/07/12,malatya,Null,2
2014,8.0,erkek,1987/11/15,osmaniye,konya,10
2014,31.0,erkek,1992/11/11,istanbul,Null,1
2014,22.0,erkek,1993/06/25,Null,istanbul,3
2014,72.0,kadin,1993/05/28,adana,istanbul,1
2014,26.0,erkek,1992/03/20,Null,kayseri,6
2014,38.0,erkek,1992/09/24,istanbul,istanbul,1
2014,39.0,erkek,1993/05/17,adana,istanbul,1
2014,24.0,erkek,1992/03/08,sanliurfa,gaziantep,1
2014,44.0,erkek,1993/01/12,Null,istanbul,6
2014,40.0,erkek,1993/01/02,afyonkarahisar,ankara,0
2014,40.0,erkek,1993/01/02,afyonkarahisar,ankara,0
2014,36.0,erkek,1993/09/16,Null,istanbul,3
2014,12.0,erkek,1991/01/17,bursa,istanbul,1
2014,32.0,erkek,1990/01/08,istanbul,istanbul,3
2014,43.0,erkek,1991/05/20,nigde,nigde,1
2014,38.0,erkek,1994/06/20,elazig,istanbul,2
2014,38.0,erkek,1993/08/22,malatya,istanbul,2
2014,43.0,erkek,1995/04/05,eskisehir,ankara,1
2014,22.0,erkek,1991/06/06,ankara,ankara,2
2014,22.0,erkek,1992/04/02,ankara,istanbul,0
2014,38.0,kadin,1995/07/12,rize,Null,1
2014,30.0,kadin,1992/04/05,ankara,istanbul,1
2014,22.0,erkek,1994/10/04,bursa,ankara,4
2014,12.0,erkek,1992/01/04,malatya,ankara,2
2014,30.0,kadin,1994/04/25,bursa,istanbul,3
2014,48.0,kadin,1994/10/27,Null,kocaeli,2
2014,50.0,kadin,1994/09/17,kirklareli,Null,1
2014,62.0,kadin,1994/04/12,ankara,ankara,1
2014,38.0,erkek,1993/07/02,adana,Null,3
2014,34.0,erkek,1993/12/14,Null,istanbul,3
2014,27.0,kadin,1995/06/23,kocaeli,izmir,1
2014,18.0,erkek,1992/10/15,Null,istanbul,3
2014,56.0,erkek,1994/10/01,mersin,Null,2
2014,18.0,erkek,1992/03/22,Null,istanbul,1
2014,32.0,erkek,1993/12/05,kutahya,istanbul,1
2014,47.0,erkek,1994/04/01,bursa,istanbul,0
2014,34.0,erkek,1993/02/03,istanbul,Null,3
2014,10.0,erkek,1994/07/22,istanbul,Null,1
2014,22.0,erkek,1990/01/20,kayseri,istanbul,1
2014,40.0,erkek,1995/03/21,nevsehir,Null,Null
2014,20.0,erkek,1995/06/27,kocaeli,istanbul,Null
2014,52.0,erkek,1992/01/16,amasya,bursa,1
2014,24.0,erkek,1994/10/09,manisa,manisa,5
2014,18.0,erkek,1995/02/23,izmir,izmir,2
2014,22.0,erkek,1991/12/18,Null,izmir,1
2014,18.0,erkek,1994/12/11,Null,Null,1
2014,16.0,erkek,1992/06/07,Null,istanbul,1
2014,34.0,erkek,1992/04/03,izmir,Null,2
2014,43.0,erkek,1993/10/11,Null,istanbul,1
2014,24.0,erkek,1995/06/11,adana,istanbul,2
2014,32.0,erkek,1992/08/18,aydin,istanbul,1
2014,77.0,kadin,1992/06/03,Null,istanbul,Null
2014,72.0,kadin,1992/03/08,ankara,istanbul,1
2014,36.0,erkek,1991/11/21,bursa,istanbul,0
2014,24.0,erkek,1992/06/10,malatya,gaziantep,1
2014,40.0,erkek,1993/02/02,samsun,istanbul,1
2014,41.0,kadin,1992/04/15,rize,Null,1
2014,48.0,kadin,1992/09/02,istanbul,istanbul,1
2014,33.0,kadin,1992/08/05,istanbul,istanbul,1
2014,50.0,kadin,1992/05/28,izmir,Null,1
2014,41.0,kadin,1993/01/04,Null,izmir,2
2014,39.0,kadin,1995/07/08,adana,istanbul,Null
2014,44.0,erkek,1993/04/02,mersin,Null,1
2014,30.0,erkek,1993/09/16,diyarbakir,istanbul,Null
2014,8.0,erkek,1991/03/11,istanbul,istanbul,0
2014,22.0,kadin,1995/04/20,ankara,izmir,0
2014,44.0,kadin,1995/05/22,malatya,Null,5
2014,58.0,kadin,1990/06/21,bursa,istanbul,1
2014,18.0,kadin,1992/01/01,mardin,izmir,5
2014,50.0,kadin,1995/01/25,aksaray,aksaray,3
2014,32.0,kadin,1994/04/06,istanbul,Null,4
2014,29.0,kadin,1992/01/10,istanbul,istanbul,4
2014,32.0,kadin,1994/01/01,izmir,izmir,3
2014,34.0,kadin,1995/04/23,istanbul,Null,1
2014,41.0,erkek,1991/01/09,Null,Null,11
2014,16.0,erkek,1990/01/28,Null,Null,8
2014,12.0,erkek,1991/01/01,mugla,ankara,1
2014,37.0,erkek,1992/10/12,Null,Null,Null
2014,48.0,kadin,1991/01/07,batman,gaziantep,3
2014,18.0,kadin,1995/03/29,kirikkale,istanbul,Null
2014,28.0,erkek,1993/01/24,mersin,Null,0
2014,31.0,erkek,1993/07/22,trabzon,istanbul,4
2014,56.0,erkek,1992/09/20,nigde,istanbul,4
2014,41.0,erkek,1994/10/05,Null,istanbul,1
2014,18.0,erkek,1991/07/31,Null,Null,1
2014,50.0,erkek,1993/05/16,kahramanmaras,istanbul,Null
2014,30.0,kadin,1995/06/09,istanbul,istanbul,2
2014,12.0,erkek,1992/07/12,izmir,izmir,2
2014,28.0,erkek,1995/01/01,adana,Null,3
2014,36.0,kadin,1994/01/21,samsun,ankara,1
2014,48.0,erkek,1994/10/08,Null,Null,2
2014,12.0,erkek,1991/07/31,Null,Null,2
2014,44.0,erkek,1994/01/04,izmir,istanbul,0
2014,40.0,kadin,1994/03/13,batman,batman,Null
2014,38.0,kadin,1993/01/10,Null,istanbul,3
2014,8.0,erkek,1992/03/24,bursa,bursa,1
2014,32.0,erkek,1993/01/01,antalya,istanbul,1
2014,26.0,kadin,1993/01/04,kutahya,kutahya,Null
2014,26.0,kadin,1986/06/25,Null,istanbul,2
2014,23.0,erkek,1995/02/22,kirklareli,Null,2
2014,16.0,erkek,1993/11/29,trabzon,trabzon,4
2014,32.0,erkek,1993/05/19,denizli,istanbul,4
2014,41.0,kadin,1992/07/08,bursa,bursa,1
2014,64.0,kadin,1991/07/31,ankara,istanbul,1
2014,18.0,erkek,1995/07/03,ankara,Null,0
2014,14.0,erkek,1994/10/02,balikesir,istanbul,1
2014,28.0,erkek,1993/02/09,Null,izmir,3
2014,57.0,kadin,1994/09/05,Null,Null,1
2014,52.0,kadin,1994/10/27,izmir,istanbul,1
2014,28.0,kadin,1995/07/20,bursa,Null,5
2014,28.0,erkek,1992/06/14,duzce,istanbul,3
2014,32.0,kadin,1991/01/27,Null,istanbul,2
2014,42.0,kadin,1993/01/01,afyonkarahisar,afyonkarahisar,Null
2014,40.0,erkek,1991/02/27,elazig,usak,1
2014,22.0,erkek,1990/01/01,isparta,istanbul,2
2014,48.0,kadin,1995/01/01,Null,istanbul,4
2014,53.0,kadin,1994/07/20,aydin,Null,1
2014,52.0,kadin,1994/02/14,denizli,istanbul,1
2014,49.0,kadin,1994/01/11,istanbul,Null,1
2014,36.0,erkek,1990/03/18,Null,izmir,1
2014,32.0,erkek,1993/09/02,zonguldak,istanbul,1
2014,26.0,erkek,1990/03/05,sivas,istanbul,3
2014,34.0,erkek,1991/07/08,Null,sakarya,1
2014,38.0,erkek,1993/07/06,balikesir,Null,2
2014,50.0,kadin,1993/11/15,kayseri,kayseri,3
2014,28.0,erkek,1991/09/18,Null,istanbul,2
2014,62.0,erkek,1991/06/15,ankara,Null,Null
2014,51.0,kadin,1995/08/29,erzurum,erzurum,Null
2014,42.0,kadin,1991/07/17,mersin,istanbul,Null
2014,18.0,kadin,1994/08/14,Null,istanbul,Null
2014,44.0,kadin,1993/06/19,izmir,istanbul,4
2014,36.0,kadin,1994/06/17,kirklareli,istanbul,2
2014,21.0,erkek,1992/12/05,izmir,Null,1
2014,42.0,kadin,1992/02/11,zonguldak,istanbul,2
2014,60.0,kadin,1995/01/16,Null,istanbul,4
2014,26.0,erkek,1993/08/14,ankara,Null,Null
2014,66.0,kadin,1991/06/19,aydin,istanbul,3
2014,38.0,kadin,1993/01/02,istanbul,istanbul,Null
2014,44.0,kadin,1994/04/11,izmir,ankara,1
2014,54.0,kadin,1993/02/24,istanbul,Null,1
2014,42.0,kadin,1993/04/09,balikesir,ankara,1
2014,38.0,kadin,1995/01/07,istanbul,antalya,2
2014,18.0,erkek,1993/08/25,izmir,istanbul,2
2014,36.0,kadin,1992/08/03,ankara,istanbul,1
2014,24.0,erkek,1993/03/23,mersin,istanbul,5
2014,18.0,erkek,1995/01/29,Null,izmir,1
2014,46.0,kadin,1993/09/26,diyarbakir,istanbul,1
2014,34.0,kadin,1990/04/30,yozgat,Null,3
2014,28.0,kadin,1991/06/14,istanbul,istanbul,Null
2014,34.0,kadin,1991/06/08,amasya,istanbul,4
2014,23.0,kadin,1995/09/24,izmir,izmir,1
2014,14.0,erkek,1994/03/31,isparta,istanbul,1
2014,22.0,erkek,1990/08/21,antalya,istanbul,1
2014,41.0,erkek,1993/05/13,isparta,istanbul,2
2014,28.0,erkek,1993/03/11,kahramanmaras,istanbul,3
2014,40.0,kadin,1994/09/19,istanbul,istanbul,2
2014,38.0,kadin,1994/08/04,bolu,bolu,0
2014,46.0,kadin,1993/01/22,trabzon,trabzon,Null
2014,33.0,kadin,1992/04/14,istanbul,Null,2
2014,28.0,kadin,1994/01/26,istanbul,istanbul,1
2014,28.0,erkek,1993/07/01,kayseri,istanbul,4
2014,36.0,erkek,1993/11/24,Null,mersin,4
2014,14.0,erkek,1991/06/14,izmir,kocaeli,0
2014,40.0,kadin,1992/10/05,Null,ankara,2
2014,36.0,kadin,1993/02/05,elazig,Null,3
2014,48.0,kadin,1992/01/05,Null,Null,2
2014,30.0,kadin,1993/10/05,istanbul,istanbul,1
2014,26.0,kadin,1995/09/19,sinop,istanbul,2
2014,28.0,kadin,1995/03/08,zonguldak,istanbul,0
2014,55.0,kadin,1993/10/20,aydin,Null,Null
2014,22.0,kadin,1992/05/14,mugla,Null,Null
2014,18.0,kadin,1995/09/21,izmir,izmir,1
2014,34.0,kadin,1988/09/10,Null,istanbul,2
2014,58.0,kadin,1970/01/01,istanbul,istanbul,1
2014,26.0,erkek,1993/08/12,istanbul,Null,0
2014,48.0,erkek,1994/01/24,Null,istanbul,1
2014,48.0,erkek,1995/01/18,izmir,istanbul,3
2014,42.0,erkek,1993/01/01,manisa,Null,2
2014,34.0,erkek,1993/08/27,denizli,ankara,0
2014,46.0,kadin,1993/05/27,istanbul,istanbul,3
2014,18.0,erkek,1995/06/24,Null,Null,Null
2014,52.0,erkek,1992/04/09,ankara,ankara,1
2014,34.0,erkek,1991/03/30,izmir,izmir,0
2014,29.0,erkek,1994/06/06,istanbul,Null,2
2014,26.0,erkek,1991/07/22,Null,Null,1
2014,28.0,erkek,1995/01/26,izmir,izmir,1
2014,20.0,erkek,1992/03/02,van,izmir,7
2014,28.0,erkek,1993/08/21,mardin,gaziantep,5
2014,28.0,erkek,1992/06/01,sanliurfa,trabzon,7
2014,34.0,erkek,1992/03/29,Null,izmir,Null
2014,8.0,erkek,1995/02/21,karabuk,istanbul,2
2014,44.0,erkek,1991/07/17,bursa,Null,0
2014,48.0,kadin,1995/04/15,izmir,izmir,1
2014,28.0,kadin,1992/02/05,izmir,izmir,2
2014,34.0,kadin,1992/06/22,Null,istanbul,1
2014,54.0,kadin,1991/10/04,istanbul,izmir,0
2014,30.0,kadin,1991/05/13,canakkale,istanbul,3
2014,46.0,kadin,1994/04/09,istanbul,istanbul,1
2014,50.0,kadin,1993/09/12,batman,istanbul,3
2014,33.0,kadin,1993/07/16,ankara,ankara,1
2014,30.0,erkek,1993/01/01,antalya,istanbul,1
2014,44.0,erkek,1993/03/28,Null,istanbul,3
2014,12.0,erkek,1991/08/23,ankara,ankara,3
2014,16.0,erkek,1994/06/06,bolu,Null,1
2014,23.0,erkek,1991/12/18,Null,Null,2
2014,24.0,erkek,1992/08/03,sivas,ankara,2
2014,6.0,erkek,1995/02/11,Null,istanbul,5
2014,24.0,erkek,1994/06/10,kayseri,kayseri,1
2014,48.0,erkek,1993/05/25,istanbul,istanbul,2
2014,22.0,erkek,1994/06/19,Null,istanbul,1
2014,13.0,erkek,1992/08/30,adana,istanbul,1
2014,28.0,kadin,1970/01/01,ankara,ankara,3
2014,12.0,erkek,1992/12/13,karabuk,kocaeli,2
2014,26.0,kadin,1990/04/19,Null,istanbul,2
2014,63.0,kadin,1992/08/27,manisa,Null,Null
2014,52.0,kadin,1992/04/26,aksaray,aksaray,4
2014,28.0,kadin,1992/04/01,istanbul,istanbul,1
2014,32.0,kadin,1991/08/17,izmir,izmir,0
2014,22.0,erkek,1990/04/10,bursa,Null,1
2014,34.0,kadin,1995/10/18,usak,Null,1
2014,32.0,kadin,1990/01/28,adana,adana,0
2015,79.0,erkek,1993/06/30,istanbul,istanbul,2
2015,78.0,kadin,1993/08/18,izmir,izmir,0
2015,77.0,kadin,1993/03/03,ankara,istanbul,2
2015,76.0,kadin,1994/01/10,eskisehir,ankara,1
2015,76.0,kadin,1992/11/15,batman,gaziantep,9
2015,75.0,erkek,1994/10/06,kocaeli,kocaeli,1
2015,74.0,kadin,1993/02/21,Null,ankara,1
2015,74.0,kadin,1995/07/20,balikesir,istanbul,2
2015,73.0,erkek,1994/06/15,aydin,istanbul,1
2015,73.0,erkek,1994/06/15,aydin,istanbul,1
2015,72.0,kadin,1992/07/27,trabzon,istanbul,2
2015,72.0,erkek,1993/01/01,manisa,istanbul,1
2015,72.0,kadin,1995/01/01,mugla,izmir,2
2015,70.0,kadin,1993/01/07,konya,ankara,2
2015,70.0,erkek,1992/09/05,giresun,istanbul,1
2015,68.0,kadin,1995/10/17,izmir,izmir,1
2015,68.0,kadin,1993/08/22,istanbul,istanbul,0
2015,68.0,erkek,1994/05/27,diyarbakir,istanbul,1
2015,67.0,kadin,1994/01/05,hatay,istanbul,1
2015,66.0,erkek,1995/02/28,mersin,istanbul,1
2015,66.0,kadin,1992/08/30,istanbul,istanbul,1
2015,65.0,kadin,1993/06/25,ankara,ankara,1
2015,64.0,kadin,1993/04/14,gaziantep,istanbul,0
2015,64.0,kadin,1992/06/12,yalova,izmir,2
2015,64.0,erkek,1995/02/17,istanbul,istanbul,2
2015,64.0,erkek,1991/02/28,izmir,istanbul,1
2015,64.0,erkek,1994/11/05,samsun,ankara,1
2015,64.0,kadin,1995/01/01,istanbul,istanbul,4
2015,64.0,kadin,1995/08/18,ankara,kastamonu,2
2015,64.0,kadin,1994/07/31,Null,Null,5
2015,64.0,erkek,1995/10/24,ankara,ankara,2
2015,63.0,kadin,1992/06/09,isparta,ankara,3
2015,63.0,kadin,1993/01/26,eskisehir,istanbul,1
2015,63.0,kadin,1995/01/20,bursa,tekirdag,1
2015,63.0,erkek,1995/08/24,sivas,istanbul,3
2015,63.0,erkek,1995/06/12,istanbul,istanbul,2
2015,62.0,erkek,1994/04/13,Null,istanbul,2
2015,62.0,kadin,1995/05/16,izmir,kocaeli,3
2015,62.0,erkek,1993/06/30,mersin,ankara,1
2015,62.0,kadin,1995/01/14,samsun,antalya,2
2015,62.0,erkek,1995/04/17,corum,ankara,2
2015,62.0,kadin,1993/02/24,istanbul,istanbul,1
2015,62.0,kadin,1995/07/17,istanbul,istanbul,2
2015,61.0,erkek,1992/07/07,ankara,istanbul,2
2015,61.0,kadin,1995/04/04,izmir,izmir,1
2015,60.0,kadin,1993/11/29,konya,istanbul,4
2015,60.0,kadin,1994/07/20,adana,istanbul,3
2015,60.0,kadin,1995/03/08,antalya,izmir,1
2015,60.0,kadin,1994/07/18,balikesir,ankara,3
2015,60.0,erkek,1995/04/18,adana,ankara,2
2015,60.0,erkek,1995/03/28,antalya,istanbul,1
2015,60.0,kadin,1994/08/15,gaziantep,istanbul,2
2015,60.0,erkek,1994/08/14,bayburt,istanbul,2
2015,59.0,kadin,1994/02/08,eskisehir,bursa,1
2015,59.0,kadin,1993/06/19,manisa,izmir,5
2015,59.0,kadin,1995/08/29,erzurum,ankara,2
2015,58.0,erkek,1994/01/28,istanbul,istanbul,1
2015,58.0,kadin,1994/10/29,bursa,istanbul,1
2015,58.0,erkek,1995/01/07,ankara,istanbul,4
2015,58.0,kadin,1991/06/19,aydin,istanbul,3
2015,58.0,kadin,1994/10/25,van,istanbul,1
2015,58.0,kadin,1994/06/11,diyarbakir,diyarbakir,6
2015,58.0,kadin,1996/05/30,kayseri,kayseri,2
2015,58.0,kadin,1991/05/05,agri,izmir,3
2015,58.0,kadin,1997/01/04,mersin,mersin,1
2015,58.0,kadin,1995/06/30,istanbul,adana,1
2015,58.0,erkek,1992/07/30,eskisehir,gaziantep,6
2015,58.0,kadin,1994/09/29,istanbul,istanbul,2
2015,58.0,erkek,1995/04/14,izmir,istanbul,1
2015,58.0,kadin,1994/05/27,istanbul,istanbul,2
2015,58.0,erkek,1994/01/01,adana,istanbul,3
2015,58.0,kadin,1993/02/15,duzce,duzce,4
2015,58.0,kadin,1994/07/23,kocaeli,kocaeli,4
2015,58.0,kadin,1994/07/29,canakkale,istanbul,1
2015,58.0,erkek,1991/11/20,hakkari,istanbul,5
2015,58.0,kadin,1994/07/12,ankara,ankara,2
2015,57.0,erkek,1993/04/24,mus,istanbul,1
2015,56.0,kadin,1992/07/12,gaziantep,gaziantep,3
2015,56.0,kadin,1993/01/17,balikesir,istanbul,1
2015,56.0,erkek,1997/07/17,rize,istanbul,2
2015,56.0,kadin,1994/10/07,kirklareli,istanbul,1
2015,56.0,kadin,1990/01/01,gaziantep,gaziantep,4
2015,56.0,erkek,1994/09/27,eskisehir,ankara,2
2015,56.0,erkek,1993/07/06,balikesir,ankara,1
2015,56.0,kadin,1993/09/19,sakarya,istanbul,3
2015,55.0,erkek,1995/01/01,mardin,istanbul,5
2015,55.0,kadin,1993/08/04,istanbul,istanbul,0
2015,55.0,kadin,1995/01/02,erzurum,istanbul,1
2015,55.0,kadin,1994/12/13,elazig,istanbul,2
2015,55.0,erkek,1991/11/28,Null,Null,2
2015,54.0,kadin,1995/07/17,antalya,ankara,1
2015,54.0,erkek,1993/06/03,adana,ankara,3
2015,54.0,erkek,1993/07/01,kayseri,ankara,4
2015,54.0,kadin,1992/09/05,izmir,izmir,0
2015,54.0,kadin,1995/06/12,kocaeli,istanbul,2
2015,54.0,erkek,1993/04/13,isparta,istanbul,3
2015,54.0,erkek,1996/02/08,izmir,istanbul,1
2015,54.0,kadin,1995/04/11,istanbul,istanbul,1
2015,54.0,kadin,1993/03/21,antalya,antalya,1
2015,54.0,erkek,1995/06/05,canakkale,ankara,1
2015,54.0,kadin,1995/07/05,erzincan,antalya,1
2015,54.0,kadin,1991/10/30,bolu,ankara,2
2015,54.0,kadin,1995/01/31,antalya,antalya,2
2015,54.0,erkek,1993/02/01,ankara,ankara,3
2015,54.0,kadin,1992/10/01,eskisehir,istanbul,4
2015,54.0,kadin,1996/04/26,istanbul,sinop,4
2015,54.0,erkek,1995/07/06,izmir,ankara,2
2015,54.0,kadin,1995/05/16,agri,aydin,1
2015,54.0,erkek,1996/09/20,erzincan,elazig,4
2015,54.0,kadin,1995/04/10,ankara,kirikkale,1
2015,54.0,kadin,1993/05/31,izmir,izmir,1
2015,54.0,kadin,1994/09/15,sivas,istanbul,4
2015,53.0,kadin,1991/01/07,batman,batman,3
2015,53.0,erkek,1993/08/14,diyarbakir,istanbul,9
2015,53.0,kadin,1992/01/01,bursa,istanbul,1
2015,53.0,erkek,1994/07/02,diyarbakir,istanbul,2
2015,53.0,erkek,1994/02/28,adiyaman,izmir,0
2015,53.0,erkek,1994/07/12,istanbul,istanbul,1
2015,53.0,kadin,1993/10/10,van,istanbul,8
2015,53.0,kadin,1993/01/01,kayseri,istanbul,2
2015,53.0,kadin,1993/03/29,ankara,ankara,2
2015,52.0,erkek,1994/01/04,izmir,ankara,1
2015,52.0,kadin,1996/01/30,istanbul,istanbul,1
2015,52.0,erkek,1993/10/10,istanbul,istanbul,4
2015,52.0,kadin,1993/05/28,adana,ankara,1
2015,52.0,erkek,1994/03/06,ankara,ankara,1
2015,52.0,kadin,1994/07/11,istanbul,istanbul,1
2015,52.0,kadin,1993/03/10,elazig,ankara,3
2015,52.0,kadin,1995/01/01,Null,izmir,0
2015,52.0,kadin,1996/11/13,istanbul,isparta,1
2015,52.0,erkek,1996/03/04,istanbul,duzce,1
2015,52.0,kadin,1995/08/09,istanbul,istanbul,1
2015,52.0,kadin,1994/06/30,antalya,antalya,3
2015,52.0,kadin,1994/07/23,bitlis,antalya,3
2015,52.0,erkek,1992/07/08,eskisehir,ankara,1
2015,52.0,erkek,1994/01/10,istanbul,istanbul,3
2015,52.0,kadin,1994/09/21,sanliurfa,gaziantep,2
2015,52.0,kadin,1993/06/20,denizli,ankara,1
2015,52.0,kadin,1991/08/04,ankara,ankara,6
2015,51.0,erkek,1992/05/22,izmir,izmir,1
2015,51.0,erkek,1992/01/11,istanbul,istanbul,1
2015,51.0,erkek,1993/01/11,istanbul,istanbul,1
2015,51.0,kadin,1993/08/01,izmir,izmir,3
2015,51.0,kadin,1992/10/14,amasya,istanbul,3
2015,51.0,erkek,1995/05/05,antalya,istanbul,2
2015,51.0,erkek,1991/06/17,ankara,istanbul,1
2015,51.0,erkek,1993/09/09,istanbul,istanbul,1
2015,51.0,kadin,1994/05/25,istanbul,agri,1
2015,51.0,erkek,1992/02/02,istanbul,kocaeli,1
2015,50.0,erkek,1992/08/28,samsun,ankara,3
2015,50.0,kadin,1993/01/02,istanbul,istanbul,2
2015,50.0,erkek,1994/11/13,kocaeli,ankara,2
2015,50.0,kadin,1994/03/19,mersin,istanbul,1
2015,50.0,erkek,1995/02/21,samsun,istanbul,1
2015,50.0,erkek,1994/01/24,istanbul,istanbul,1
2015,50.0,erkek,1995/09/05,Null,istanbul,2
2015,50.0,kadin,1995/01/25,aksaray,ankara,3
2015,50.0,kadin,1993/09/03,aydin,aydin,1
2015,50.0,kadin,1994/06/03,bursa,bursa,2
2015,50.0,erkek,1992/08/24,bursa,izmir,2
2015,50.0,kadin,1995/06/02,antalya,antalya,1
2015,50.0,erkek,1993/01/01,balikesir,ankara,3
2015,50.0,erkek,1993/09/16,usak,istanbul,1
2015,50.0,erkek,1993/10/09,adana,adana,3
2015,49.0,erkek,1995/07/15,karabuk,ankara,1
2015,49.0,erkek,1995/01/24,sakarya,istanbul,1
2015,49.0,erkek,1993/02/05,izmir,istanbul,1
2015,49.0,erkek,1992/08/17,istanbul,ankara,2
2015,49.0,erkek,1990/09/17,tunceli,istanbul,1
2015,49.0,erkek,1994/01/18,malatya,izmir,3
2015,48.0,kadin,1993/02/18,bursa,ankara,1
2015,48.0,kadin,1993/04/28,izmir,izmir,1
2015,48.0,kadin,1992/01/09,istanbul,istanbul,3
2015,48.0,erkek,1997/03/12,istanbul,giresun,5
2015,48.0,erkek,1991/01/20,kayseri,kayseri,4
2015,48.0,kadin,1993/08/09,istanbul,istanbul,2
2015,48.0,erkek,1992/05/16,gaziantep,mersin,5
2015,48.0,kadin,1996/04/13,Null,istanbul,2
2015,48.0,kadin,1998/04/03,istanbul,istanbul,1
2015,48.0,kadin,1994/07/12,antalya,istanbul,0
2015,48.0,kadin,1996/02/07,istanbul,istanbul,2
2015,48.0,erkek,1994/06/05,aydin,izmir,1
2015,48.0,kadin,1994/01/20,ordu,istanbul,1
2015,48.0,kadin,1995/07/13,ankara,ankara,1
2015,48.0,erkek,1995/06/22,ankara,ankara,2
2015,48.0,kadin,1993/03/11,ankara,istanbul,1
2015,47.0,erkek,1994/04/01,bursa,istanbul,0
2015,47.0,kadin,1994/08/18,istanbul,ankara,1
2015,47.0,erkek,1994/02/17,canakkale,istanbul,1
2015,47.0,erkek,1993/11/15,izmir,ankara,2
2015,47.0,kadin,1994/01/15,hatay,hatay,3
2015,47.0,erkek,1992/04/09,ankara,ankara,1
2015,47.0,erkek,1992/10/01,balikesir,ankara,2
2015,46.0,kadin,1994/08/22,izmir,izmir,2
2015,46.0,erkek,1996/10/03,istanbul,istanbul,2
2015,46.0,erkek,1990/01/25,istanbul,istanbul,1
2015,46.0,erkek,1994/01/23,ankara,adana,1
2015,46.0,erkek,1994/01/20,gaziantep,istanbul,1
2015,46.0,kadin,1995/09/29,Null,istanbul,4
2015,46.0,kadin,1991/01/18,manisa,istanbul,1
2015,46.0,erkek,1994/06/20,elazig,denizli,3
2015,46.0,erkek,1995/01/01,sinop,istanbul,5
2015,46.0,kadin,1996/10/01,hatay,ankara,2
2015,46.0,erkek,1993/09/10,bursa,istanbul,1
2015,46.0,erkek,1992/07/13,adana,istanbul,2
2015,46.0,kadin,1994/05/14,zonguldak,istanbul,1
2015,46.0,kadin,1991/09/05,istanbul,istanbul,4
2015,45.0,erkek,1993/06/07,kocaeli,istanbul,3
2015,45.0,erkek,1992/09/15,elazig,istanbul,1
2015,44.0,erkek,1995/04/12,istanbul,kocaeli,1
2015,44.0,erkek,1994/11/15,istanbul,istanbul,1
2015,44.0,erkek,1992/07/21,Null,ankara,4
2015,44.0,erkek,1992/02/12,mardin,trabzon,6
2015,44.0,kadin,1995/07/01,istanbul,istanbul,1
2015,44.0,erkek,1996/04/22,kayseri,kayseri,1
2015,44.0,kadin,1996/08/13,balikesir,istanbul,1
2015,44.0,kadin,1991/06/08,istanbul,istanbul,2
2015,44.0,erkek,1993/10/15,izmir,izmir,2
2015,44.0,kadin,1990/08/15,istanbul,sakarya,1
2015,44.0,kadin,1995/12/26,kocaeli,istanbul,1
2015,44.0,kadin,1993/05/26,ankara,ankara,1
2015,44.0,kadin,1995/05/24,konya,istanbul,1
2015,44.0,kadin,1995/06/12,erzurum,bursa,3
2015,43.0,kadin,1994/02/05,hatay,istanbul,3
2015,43.0,erkek,1995/01/19,erzincan,canakkale,2
2015,43.0,erkek,1995/08/15,kirsehir,ankara,1
2015,43.0,erkek,1995/07/26,istanbul,istanbul,1
2015,43.0,erkek,1994/06/29,adana,usak,1
2015,43.0,erkek,1994/04/12,denizli,denizli,10
2015,43.0,kadin,1993/11/25,istanbul,istanbul,2
2015,43.0,erkek,1993/06/01,ankara,ankara,0
2015,43.0,kadin,1993/12/27,istanbul,istanbul,2
2015,43.0,kadin,1994/01/24,mersin,mersin,2
2015,43.0,kadin,1995/04/02,mugla,izmir,1
2015,42.0,kadin,1994/06/11,konya,ankara,3
2015,42.0,erkek,1992/04/20,istanbul,istanbul,2
2015,42.0,kadin,1995/10/21,istanbul,istanbul,2
2015,42.0,erkek,1994/02/06,Null,istanbul,1
2015,42.0,erkek,1995/07/14,izmir,istanbul,1
2015,42.0,erkek,1992/04/03,izmir,izmir,2
2015,42.0,kadin,1995/06/21,edirne,istanbul,1
2015,42.0,kadin,1995/07/19,istanbul,istanbul,1
2015,42.0,erkek,1992/08/19,istanbul,istanbul,2
2015,42.0,kadin,1995/02/01,izmir,ankara,1
2015,42.0,kadin,1995/06/28,balikesir,istanbul,2
2015,42.0,erkek,1996/02/12,izmir,izmir,1
2015,42.0,erkek,1994/07/14,antalya,istanbul,1
2015,42.0,kadin,1994/05/25,Null,Null,4
2015,42.0,kadin,1991/06/08,istanbul,istanbul,0
2015,42.0,erkek,1993/03/28,kocaeli,istanbul,4
2015,42.0,erkek,1993/01/22,sanliurfa,istanbul,2
2015,42.0,erkek,1993/08/11,kars,istanbul,4
2015,42.0,kadin,1996/07/25,malatya,Null,3
2015,42.0,kadin,1995/01/13,kirikkale,istanbul,2
2015,42.0,erkek,1995/04/03,mersin,mersin,2
2015,42.0,kadin,1996/05/25,hakkari,istanbul,5
2015,42.0,kadin,1995/03/15,bursa,istanbul,1
2015,41.0,erkek,1992/01/09,manisa,izmir,1
2015,41.0,erkek,1992/02/05,izmir,ankara,1
2015,41.0,kadin,1996/03/03,ankara,ankara,1
2015,41.0,kadin,1993/01/20,antalya,istanbul,1
2015,41.0,erkek,1995/04/03,istanbul,istanbul,1
2015,41.0,erkek,1992/05/29,izmir,izmir,1
2015,41.0,erkek,1995/01/05,bursa,istanbul,2
2015,41.0,kadin,1995/01/01,mersin,istanbul,1
2015,41.0,erkek,1994/02/03,kirklareli,istanbul,2
2015,41.0,erkek,1994/10/05,aydin,istanbul,1
2015,40.0,erkek,1993/01/02,Null,ankara,0
2015,40.0,erkek,1996/11/26,istanbul,antalya,1
2015,40.0,kadin,1996/04/02,ankara,ankara,1
2015,40.0,erkek,1994/10/06,diyarbakir,istanbul,3
2015,40.0,erkek,1995/03/01,konya,istanbul,2
2015,40.0,erkek,1994/09/05,ankara,ankara,1
2015,40.0,erkek,1993/01/12,kirsehir,ankara,1
2015,40.0,kadin,1995/06/28,gumushane,istanbul,4
2015,40.0,erkek,1994/07/15,antalya,istanbul,1
2015,40.0,kadin,1993/02/17,istanbul,istanbul,2
2015,40.0,erkek,1991/03/21,burdur,ankara,3
2015,40.0,kadin,1994/01/29,izmir,izmir,2
2015,40.0,kadin,1994/02/05,duzce,istanbul,2
2015,40.0,erkek,1996/03/28,sirnak,istanbul,5
2015,40.0,kadin,1992/10/01,konya,ankara,1
2015,40.0,erkek,1995/08/12,bingol,istanbul,1
2015,40.0,erkek,1993/02/02,samsun,istanbul,2
2015,39.0,kadin,1996/01/25,balikesir,balikesir,1
2015,39.0,kadin,1994/05/26,ankara,ankara,1
2015,39.0,kadin,1995/01/03,sakarya,istanbul,3
2015,39.0,erkek,1994/10/15,gumushane,istanbul,1
2015,39.0,erkek,1992/02/03,eskisehir,ankara,1
2015,38.0,kadin,1995/08/05,kilis,istanbul,2
2015,38.0,kadin,1994/01/26,istanbul,istanbul,1
2015,38.0,erkek,1995/03/09,antalya,antalya,1
2015,38.0,erkek,1994/01/28,izmir,antalya,3
2015,38.0,erkek,1994/01/21,istanbul,istanbul,2
2015,38.0,erkek,1997/01/05,hakkari,ankara,2
2015,38.0,erkek,1993/10/02,istanbul,bursa,5
2015,38.0,erkek,1996/08/12,erzincan,istanbul,1
2015,38.0,erkek,1993/04/07,istanbul,istanbul,2
2015,38.0,erkek,1995/04/24,siirt,siirt,8
2015,38.0,erkek,1993/06/23,izmir,izmir,1
2015,38.0,kadin,1996/08/13,istanbul,istanbul,1
2015,38.0,kadin,1990/11/16,samsun,mersin,3
2015,38.0,erkek,1993/04/26,izmir,ankara,2
2015,38.0,kadin,1995/03/01,istanbul,istanbul,3
2015,38.0,kadin,1995/09/04,sivas,sivas,3
2015,38.0,kadin,1994/02/05,manisa,istanbul,3
2015,38.0,erkek,1994/04/10,antalya,antalya,2
2015,38.0,kadin,1995/04/17,denizli,izmir,1
2015,38.0,kadin,1995/06/29,istanbul,istanbul,2
2015,38.0,erkek,1994/10/05,istanbul,istanbul,1
2015,38.0,erkek,1993/10/27,kayseri,istanbul,2
2015,38.0,kadin,1995/07/25,yozgat,ankara,1
2015,37.0,erkek,1993/07/03,istanbul,istanbul,5
2015,37.0,erkek,1994/08/08,malatya,malatya,4
2015,37.0,kadin,1993/10/09,zonguldak,zonguldak,2
2015,37.0,erkek,1992/03/08,ankara,istanbul,1
2015,37.0,kadin,1993/03/26,antalya,antalya,1
2015,37.0,erkek,1996/04/06,istanbul,istanbul,1
2015,37.0,kadin,1992/06/20,bursa,istanbul,3
2015,37.0,erkek,1994/11/26,mersin,istanbul,1
2015,36.0,erkek,1993/07/26,istanbul,istanbul,1
2015,36.0,erkek,1994/07/09,antalya,istanbul,1
2015,36.0,erkek,1993/02/18,izmir,izmir,1
2015,36.0,erkek,1994/08/16,kayseri,kayseri,1
2015,36.0,erkek,1994/08/30,gaziantep,gaziantep,2
2015,36.0,kadin,1993/01/07,istanbul,istanbul,1
2015,36.0,kadin,1993/08/23,izmir,izmir,1
2015,36.0,erkek,1992/04/17,ankara,izmir,2
2015,36.0,kadin,1992/05/23,ankara,ankara,1
2015,36.0,erkek,1995/05/16,ankara,ankara,1
2015,36.0,erkek,1993/09/20,istanbul,istanbul,2
2015,36.0,erkek,1994/08/31,diyarbakir,istanbul,2
2015,36.0,erkek,1994/09/08,diyarbakir,istanbul,1
2015,36.0,erkek,1998/01/25,antalya,istanbul,0
2015,36.0,kadin,1995/09/28,istanbul,istanbul,1
2015,36.0,erkek,1992/09/14,ankara,ankara,2
2015,36.0,kadin,1993/12/14,izmir,izmir,2
2015,36.0,erkek,1994/01/10,kilis,istanbul,4
2015,36.0,kadin,1996/08/24,izmir,izmir,1
2015,36.0,erkek,1993/11/18,istanbul,istanbul,2
2015,36.0,kadin,1996/05/05,sakarya,kocaeli,3
2015,34.0,erkek,1995/08/22,nigde,istanbul,0
2015,34.0,erkek,1993/07/15,denizli,istanbul,2
2015,34.0,erkek,1995/04/26,antalya,ankara,1
2015,34.0,erkek,1993/08/05,izmir,istanbul,1
2015,34.0,erkek,1993/06/25,duzce,ankara,1
2015,34.0,erkek,1994/07/20,antalya,ankara,1
2015,34.0,erkek,1993/06/14,istanbul,istanbul,0
2015,34.0,erkek,1996/05/05,kayseri,ankara,3
2015,34.0,erkek,1994/04/09,trabzon,istanbul,4
2015,34.0,erkek,1995/03/09,ordu,istanbul,5
2015,34.0,erkek,1993/07/01,adiyaman,gaziantep,4
2015,34.0,kadin,1995/10/05,erzurum,ankara,6
2015,34.0,erkek,1992/08/07,aydin,istanbul,1
2015,34.0,erkek,1996/08/29,bursa,bursa,1
2015,34.0,erkek,1991/04/17,nevsehir,istanbul,3
2015,34.0,kadin,1993/09/11,konya,ankara,4
2015,34.0,erkek,1993/01/23,aydin,istanbul,1
2015,34.0,erkek,1992/08/29,izmir,istanbul,3
2015,34.0,kadin,1992/06/21,istanbul,istanbul,2
2015,34.0,kadin,1994/06/09,eskisehir,ankara,0
2015,34.0,erkek,1993/10/31,ankara,ankara,3
2015,34.0,kadin,1996/12/27,tokat,trabzon,2
2015,34.0,erkek,1995/02/05,samsun,istanbul,1
2015,34.0,kadin,1995/08/20,kayseri,istanbul,2
2015,34.0,kadin,1990/04/23,kirikkale,konya,3
2015,34.0,kadin,1995/06/30,bursa,ankara,1
2015,34.0,kadin,1996/10/19,istanbul,kocaeli,3
2015,34.0,erkek,1995/07/24,malatya,istanbul,2
2015,34.0,erkek,1993/10/16,antalya,istanbul,1
2015,34.0,kadin,1993/07/01,istanbul,istanbul,2
2015,33.0,kadin,1995/09/24,izmir,izmir,1
2015,33.0,erkek,1995/01/13,antalya,istanbul,2
2015,33.0,erkek,1994/01/23,adiyaman,izmir,2
2015,33.0,kadin,1995/01/01,aydin,aydin,4
2015,33.0,kadin,1996/05/20,izmir,izmir,3
2015,33.0,kadin,1990/01/01,erzurum,istanbul,2
2015,33.0,kadin,1996/06/06,istanbul,istanbul,4
2015,33.0,erkek,1993/10/10,izmir,izmir,3
2015,33.0,kadin,1995/02/13,mersin,istanbul,1
2015,33.0,erkek,1996/04/02,sivas,sivas,4
2015,33.0,erkek,1993/09/09,mus,bursa,9
2015,33.0,erkek,1993/06/07,canakkale,istanbul,3
2015,33.0,erkek,1994/01/01,istanbul,istanbul,1
2015,33.0,erkek,1996/07/15,eskisehir,antalya,1
2015,32.0,erkek,1994/03/01,tekirdag,ankara,1
2015,32.0,erkek,1996/07/23,istanbul,istanbul,0
2015,32.0,erkek,1992/03/12,adana,istanbul,3
2015,32.0,kadin,1991/10/30,kocaeli,izmir,1
2015,32.0,erkek,1995/08/05,erzurum,ankara,4
2015,32.0,erkek,1992/02/29,izmir,istanbul,0
2015,32.0,kadin,1991/08/20,giresun,ankara,3
2015,32.0,erkek,1993/01/10,kayseri,istanbul,2
2015,32.0,kadin,1995/01/12,balikesir,ankara,1
2015,32.0,erkek,1995/07/20,sivas,sivas,4
2015,32.0,kadin,1994/03/01,nigde,istanbul,1
2015,32.0,kadin,1992/12/23,ankara,ankara,0
